location_id,nws_lid,feature_id,HydroID,levpa_id,dem_elevation,dem_adj_elevation,order_,LakeID,HUC8,snap_distance,wrds_timestamp,nrldb_timestamp,nwis_timestamp,metadata_sources,goes_id,env_can_gage_id,nws_data_name,nws_data_wfo,nws_data_rfc,nws_data_geo_rfc,nws_data_latitude,nws_data_longitude,nws_data_map_link,nws_data_horizontal_datum_name,nws_data_state,nws_data_county,nws_data_county_code,nws_data_huc,nws_data_hsa,nws_data_zero_datum,nws_data_vertical_datum_name,nws_data_rfc_forecast_point,nws_data_rfc_defined_fcst_point,nws_data_riverpoint,usgs_data_name,usgs_data_geo_rfc,usgs_data_latitude,usgs_data_longitude,usgs_data_map_link,usgs_data_coord_accuracy_code,usgs_data_latlon_datum_name,usgs_data_coord_method_code,usgs_data_state,usgs_data_huc,usgs_data_site_type,usgs_data_altitude,usgs_data_alt_accuracy_code,usgs_data_alt_datum_code,usgs_data_alt_method_code,usgs_data_drainage_area,usgs_data_drainage_area_units,usgs_data_contrib_drainage_area,usgs_data_active,usgs_data_gages_ii_reference,nwm_feature_data_downstream_feature_id,nwm_feature_data_latitude,nwm_feature_data_longitude,nwm_feature_data_altitude,nwm_feature_data_stream_length,nwm_feature_data_stream_order,nwm_feature_data_mannings_roughness,nwm_feature_data_slope,nwm_feature_data_channel_side_slope,nwm_feature_data_nhd_waterbody_comid,env_can_gage_data_name,env_can_gage_data_latitude,env_can_gage_data_longitude,env_can_gage_data_map_link,env_can_gage_data_drainage_area,env_can_gage_data_contrib_drainage_area,env_can_gage_data_water_course,nws_preferred_name,nws_preferred_latitude,nws_preferred_longitude,nws_preferred_latlon_datum_name,nws_preferred_state,nws_preferred_huc,usgs_preferred_name,usgs_preferred_latitude,usgs_preferred_longitude,usgs_preferred_latlon_datum_name,usgs_preferred_state,usgs_preferred_huc,crosswalk_datasets_location_nwm_crosswalk_dataset_location_nwm_crosswalk_dataset_id,crosswalk_datasets_location_nwm_crosswalk_dataset_name,crosswalk_datasets_location_nwm_crosswalk_dataset_description,crosswalk_datasets_nws_usgs_crosswalk_dataset_nws_usgs_crosswalk_dataset_id,crosswalk_datasets_nws_usgs_crosswalk_dataset_name,crosswalk_datasets_nws_usgs_crosswalk_dataset_description,assigned_crs,name,states,source,stream_stn,fid_xs,geometry,index_right,geometry_ln,geometry_snapped
08165300,HNFT2,3585678,25130205,0,549.0811,549.08,3,-999.0,12100201,38.40713407127496,USGS data: USGS NWIS - Last updated: 2025-09-09 22:17:41 UTC,NWS data: NRLDB - Last updated: 2025-09-09 22:45:29 UTC,USGS data: USGS NWIS - Last updated: 2025-09-09 22:17:41 UTC,,DE9250F8,,North Fork near Hunt,EWX,WGRFC,WGRFC,30.063888888889,-99.386666666667,https://maps.google.com/maps?t=k&q=loc:30.063888888889+-99.386666666667,,Texas,Kerr,,12100201.0,EWX,,,,,,"N Fk Guadalupe Rv nr Hunt, TX",WGRFC,30.06410028,-99.3870175,https://maps.google.com/maps?t=k&q=loc:30.06410028+-99.3870175,F,NAD83,M,Texas,12100201.0,ST,1800.22,0.23,NAVD88,X,169.0,square miles,169.0,,,,30.06464385986328,-99.38703918457033,554.52001953125,2389.0,,0.0549999997019767,0.0032099999953061,0.3159836530685425,,,,,,,,,North Fork near Hunt,30.063888888889,-99.386666666667,NAD83,Texas,12100201.0,"N Fk Guadalupe Rv nr Hunt, TX",30.06410028,-99.3870175,NAD83,Texas,12100201.0,3.0,Location NWM Crosswalk v3.0,"Created 20240328. Authoritative 3.0 dataset mapping Locations to NWM Reaches.  Source:
1) NWM Routelink File v3.0
2) NHDPlus v2.1+
3) GID",3.0,NWS Station to USGS Gages 3.0,"Created 20240328.  Authoritative 3.0 dataset mapping NWS Stations to USGS Gage.  Source:
1) AHPS CMS Report
2) HADS dataset
3) GID",EPSG:4269,Upper Guadalupe,TX,usgs_gage,,,POINT (-326127.5081676414 782300.8072559114),204.0,"LINESTRING (-326455 782105, -326455 782105, -326455 782105, -326455 782105, -326455 782105, -326455 782105, -326455 782105, -326455 782105, -326455 782105, -326455 782105, -326455 782105, -326455 782105, -326455 782105, -326455 782105, -326455 782105, -326455 782105, -326455 782105, -326455 782105, -326455 782105, -326455 782105, -326455 782105, -326455 782105, -326455 782105, -326455 782105, -326455 782105, -326455 782105, -326455 782105, -326455 782105, -326455 782105, -326455 782105, -326455 782105, -326455 782105, -326455 782105, -326455 782105, -326455 782105, -326455 782105, -326455 782105, -326455 782105, -326455 782105, -326455 782105, -326455 782105, -326455 782105, -326455 782105, -326455 782105, -326455 782105, -326455 782105, -326455 782105, -326455 782105, -326455 782105, -326455 782105, -326455 782105, -326455 782105, -326455 782105, -326455 782105, -326455 782105, -326455 782105, -326455 782105, -326455 782105, -326455 782105, -326455 782105, -326455 782105, -326455 782105, -326455 782105, -326455 782105, -326455 782105, -326455 782105, -326455 782105, -326455 782105, -326455 782105, -326455 782105, -326455 782105, -326455 782105, -326455 782105, -326455 782105, -326455 782105, -326455 782105, -326455 782105, -326455 782105, -326455 782105, -326455 782105, -326455 782105, -326455 782105, -326455 782105, -326455 782105, -326455 782105, -326455 782105, -326455 782105, -326455 782105, -326455 782105, -326455 782105, -326455 782105, -326455 782105, -326455 782105, -326455 782105, -326455 782105, -326455 782105, -326455 782105, -326455 782105, -326455 782105, -326455 782105, -326455 782105, -326455 782105, -326455 782105, -326455 782105, -326455 782105, -326455 782105, -326455 782105, -326455 782105, -326455 782105, -326455 782105, -326455 782105, -326455 782105, -326455 782105, -326455 782105, -326455 782105, -326455 782105, -326455 782105, -326455 782105, -326445 782105, -326435 782115, -326425 782125, -326415 782125, -326405 782135, -326395 782135, -326385 782145, -326375 782155, -326365 782165, -326355 782165, -326345 782175, -326335 782185, -326325 782195, -326315 782195, -326305 782205, -326295 782215, -326285 782225, -326275 782225, -326265 782235, -326255 782245, -326245 782255, -326235 782255, -326225 782265, -326215 782275, -326205 782285, -326195 782295, -326185 782305, -326175 782315, -326165 782325, -326155 782335, -326145 782335, -326135 782345, -326125 782355, -326115 782365, -326105 782375, -326095 782385, -326085 782395, -326075 782405, -326065 782405, -326055 782415, -326045 782415, -326035 782425, -326025 782425, -326015 782435, -326005 782435, -325995 782445, -325985 782445, -325975 782455, -325965 782455, -325955 782465, -325945 782475, -325935 782485, -325925 782485, -325915 782495, -325905 782505, -325895 782515, -325885 782525, -325875 782525, -325865 782535, -325855 782545, -325845 782555, -325835 782555, -325825 782565, -325815 782575, -325805 782585, -325805 782595, -325795 782605, -325795 782615, -325785 782625, -325785 782635, -325775 782645, -325765 782655, -325755 782655, -325745 782665, -325735 782665, -325725 782675, -325715 782685, -325705 782685, -325695 782695, -325685 782695, -325675 782705, -325665 782715, -325655 782725, -325645 782735, -325635 782735, -325625 782745, -325615 782755, -325605 782755, -325595 782765, -325585 782765, -325575 782775, -325565 782775, -325555 782775, -325545 782785, -325535 782785, -325525 782795, -325515 782795, -325505 782795, -325495 782795, -325485 782795, -325475 782795, -325465 782795, -325455 782795, -325445 782785, -325435 782785, -325425 782785, -325415 782785, -325405 782785, -325395 782785, -325385 782785, -325375 782775, -325365 782765, -325355 782765, -325345 782755, -325335 782745, -325325 782735, -325315 782735, -325305 782725)",POINT (-326145 782335)
08165500,HNTT2,3586192,25130198,0,527.7951,527.48,4,-999.0,12100201,96.18786061149036,USGS data: USGS NWIS - Last updated: 2025-09-09 22:17:41 UTC,NWS data: NRLDB - Last updated: 2025-09-09 22:45:29 UTC,USGS data: USGS NWIS - Last updated: 2025-09-09 22:17:41 UTC,,DE5185FA,,Hunt,EWX,WGRFC,WGRFC,30.069722222222,-99.321388888889,https://maps.google.com/maps?t=k&q=loc:30.069722222222+-99.321388888889,UNK,Texas,Kerr,,12100201.0,EWX,1722.82,NAVD88,,,,"Guadalupe Rv at Hunt, TX",WGRFC,30.06993074,-99.3217122,https://maps.google.com/maps?t=k&q=loc:30.06993074+-99.3217122,F,NAD83,M,Texas,12100201.0,ST,1722.82,0.05,NAVD88,X,288.0,square miles,288.0,,,,30.07121849060059,-99.32559967041016,528.8099975585938,714.0,,0.0549999997019767,0.0009200000204145,0.2920143306255341,,,,,,,,,Hunt,30.069722222222,-99.321388888889,UNK,Texas,12100201.0,"Guadalupe Rv at Hunt, TX",30.06993074,-99.3217122,NAD83,Texas,12100201.0,3.0,Location NWM Crosswalk v3.0,"Created 20240328. Authoritative 3.0 dataset mapping Locations to NWM Reaches.  Source:
1) NWM Routelink File v3.0
2) NHDPlus v2.1+
3) GID",3.0,NWS Station to USGS Gages 3.0,"Created 20240328.  Authoritative 3.0 dataset mapping NWS Stations to USGS Gage.  Source:
1) AHPS CMS Report
2) HADS dataset
3) GID",EPSG:4269,Upper Guadalupe,TX,usgs_gage,,,POINT (-319819.39508554956 782725.5737818183),197.0,"LINESTRING (-320055 782835, -320055 782835, -320055 782835, -320055 782835, -320055 782835, -320055 782835, -320055 782835, -320055 782835, -320055 782835, -320055 782835, -320055 782835, -320055 782835, -320055 782835, -320055 782835, -320055 782835, -320055 782835, -320055 782835, -320055 782835, -320055 782835, -320055 782835, -320055 782835, -320055 782835, -320055 782835, -320055 782835, -320055 782835, -320055 782835, -320055 782835, -320055 782835, -320055 782835, -320055 782835, -320055 782835, -320055 782835, -320055 782835, -320055 782835, -320055 782835, -320055 782835, -320055 782835, -320055 782835, -320055 782835, -320055 782835, -320055 782835, -320055 782835, -320055 782835, -320055 782835, -320055 782835, -320055 782835, -320055 782835, -320055 782835, -320055 782835, -320055 782835, -320055 782835, -320055 782835, -320055 782835, -320055 782835, -320055 782835, -320055 782835, -320055 782835, -320055 782835, -320055 782835, -320055 782835, -320055 782835, -320055 782835, -320055 782835, -320055 782835, -320055 782835, -320055 782835, -320055 782835, -320045 782835, -320035 782825, -320025 782825, -320015 782815, -320005 782815, -319995 782815, -319985 782805, -319985 782795, -319975 782785, -319965 782775, -319955 782765, -319945 782765, -319935 782755, -319925 782745, -319925 782735, -319925 782725, -319915 782715, -319915 782705, -319915 782695, -319915 782685, -319915 782675, -319915 782665, -319905 782655, -319905 782645, -319905 782635, -319905 782625, -319895 782615, -319895 782605, -319895 782595, -319885 782585, -319885 782575, -319875 782565, -319865 782555, -319855 782545, -319845 782545, -319835 782535, -319825 782525, -319815 782515, -319805 782515, -319795 782505, -319785 782495, -319775 782485, -319775 782475, -319765 782465, -319755 782465, -319745 782455, -319735 782445, -319725 782435, -319715 782425, -319705 782425, -319695 782415, -319685 782405, -319675 782395, -319665 782385, -319655 782385, -319645 782375, -319635 782365, -319625 782355, -319615 782345, -319605 782345, -319595 782345, -319585 782335, -319575 782335, -319565 782325, -319555 782315, -319545 782315, -319535 782305)",POINT (-319915 782715)
08166000,JCIT2,3585554,25130242,0,525.71405,524.67993,3,-999.0,12100201,40.17003398446832,USGS data: USGS NWIS - Last updated: 2025-09-09 22:17:41 UTC,NWS data: NRLDB - Last updated: 2025-09-09 22:45:29 UTC,USGS data: USGS NWIS - Last updated: 2025-09-09 22:17:41 UTC,,DE913210,,Johnson Creek Above Ingram,EWX,WGRFC,WGRFC,30.1,-99.282777777778,https://maps.google.com/maps?t=k&q=loc:30.1+-99.282777777778,,Texas,Kerr,,,EWX,1721.5,NAVD88,,,,"Johnson Ck nr Ingram, TX",WGRFC,30.10020707,-99.2831006,https://maps.google.com/maps?t=k&q=loc:30.10020707+-99.2831006,F,NAD83,M,Texas,12100201.0,ST,1721.5,0.05,NAVD88,X,114.0,square miles,114.0,,,,30.1003303527832,-99.28199005126952,536.1599731445312,5099.0,,0.0549999997019767,0.0035800000187009,0.3345430195331573,,,,,,,,,Johnson Creek Above Ingram,30.1,-99.282777777778,NAD83,Texas,12100201.0,"Johnson Ck nr Ingram, TX",30.10020707,-99.2831006,NAD83,Texas,12100201.0,3.0,Location NWM Crosswalk v3.0,"Created 20240328. Authoritative 3.0 dataset mapping Locations to NWM Reaches.  Source:
1) NWM Routelink File v3.0
2) NHDPlus v2.1+
3) GID",3.0,NWS Station to USGS Gages 3.0,"Created 20240328.  Authoritative 3.0 dataset mapping NWS Stations to USGS Gage.  Source:
1) AHPS CMS Report
2) HADS dataset
3) GID",EPSG:4269,Upper Guadalupe,TX,usgs_gage,,,POINT (-315987.23065130995 785954.8299660155),241.0,"LINESTRING (-316635 786675, -316635 786675, -316635 786675, -316635 786675, -316635 786675, -316635 786675, -316635 786675, -316635 786675, -316635 786675, -316635 786675, -316635 786675, -316635 786675, -316635 786675, -316635 786675, -316635 786675, -316635 786675, -316635 786675, -316635 786675, -316635 786675, -316635 786675, -316635 786675, -316635 786675, -316635 786675, -316635 786675, -316635 786675, -316635 786675, -316635 786675, -316635 786675, -316635 786675, -316635 786675, -316635 786675, -316635 786675, -316635 786675, -316635 786675, -316635 786675, -316635 786675, -316635 786675, -316635 786675, -316635 786675, -316635 786675, -316635 786675, -316635 786675, -316635 786675, -316635 786675, -316635 786675, -316635 786675, -316635 786675, -316635 786675, -316635 786675, -316635 786675, -316635 786675, -316635 786675, -316635 786675, -316635 786675, -316635 786675, -316635 786675, -316635 786675, -316635 786675, -316635 786675, -316635 786675, -316635 786675, -316635 786675, -316635 786675, -316635 786675, -316635 786675, -316635 786675, -316635 786675, -316635 786675, -316635 786675, -316635 786675, -316635 786675, -316635 786675, -316635 786675, -316635 786675, -316635 786675, -316635 786675, -316635 786675, -316635 786675, -316635 786675, -316635 786675, -316635 786675, -316635 786675, -316635 786675, -316635 786675, -316635 786675, -316635 786675, -316635 786675, -316635 786675, -316635 786675, -316635 786675, -316635 786675, -316635 786675, -316635 786675, -316635 786675, -316635 786675, -316635 786675, -316635 786675, -316635 786675, -316635 786675, -316635 786675, -316635 786675, -316635 786675, -316635 786675, -316635 786675, -316635 786675, -316635 786675, -316635 786675, -316635 786675, -316635 786675, -316635 786675, -316635 786675, -316635 786675, -316635 786675, -316635 786675, -316635 786675, -316635 786675, -316635 786675, -316635 786675, -316635 786675, -316635 786675, -316635 786675, -316635 786675, -316635 786675, -316635 786675, -316635 786665, -316645 786655, -316645 786645, -316645 786635, -316645 786625, -316645 786615, -316645 786605, -316645 786595, -316645 786585, -316635 786575, -316635 786565, -316635 786555, -316625 786545, -316625 786535, -316625 786525, -316625 786515, -316615 786505, -316615 786495, -316615 786485, -316605 786475, -316605 786465, -316605 786455, -316605 786445, -316605 786435, -316605 786425, -316605 786415, -316605 786405, -316605 786395, -316605 786385, -316605 786375, -316605 786365, -316605 786355, -316605 786345, -316615 786335, -316615 786325, -316615 786315, -316615 786305, -316615 786295, -316615 786285, -316615 786275, -316615 786265, -316615 786255, -316615 786245, -316615 786235, -316615 786225, -316615 786215, -316615 786205, -316615 786195, -316615 786185, -316615 786175, -316605 786165, -316595 786165, -316585 786155, -316575 786155, -316565 786155, -316555 786155, -316545 786155, -316535 786155, -316525 786155, -316515 786155, -316505 786155, -316495 786155, -316485 786155, -316475 786155, -316465 786155, -316455 786155, -316445 786155, -316435 786155, -316425 786155, -316415 786145, -316405 786145, -316395 786145, -316385 786145, -316375 786145, -316365 786135, -316355 786135, -316345 786135, -316335 786125, -316325 786125, -316315 786115, -316305 786115, -316295 786105, -316285 786095, -316275 786095, -316265 786085, -316255 786085, -316245 786075, -316235 786075, -316225 786065, -316215 786065, -316205 786065, -316195 786055, -316185 786055, -316175 786055, -316165 786055, -316155 786045, -316145 786045, -316135 786045, -316125 786045, -316115 786045, -316105 786035, -316095 786035, -316085 786035, -316075 786035, -316065 786025, -316055 786025, -316045 786025, -316035 786015, -316025 786015, -316015 786005, -316005 786005, -315995 785995, -315985 785995, -315975 785995, -315965 785995, -315955 785985, -315945 785985, -315935 785985, -315925 785975, -315915 785975, -315905 785975, -315895 785975, -315885 785965, -315875 785965)",POINT (-315987.23065130995 785995)
08166140,GRHT2,3585626,25130184,0,495.69,495.69,4,-999.0,12100201,77.66449287708943,USGS data: USGS NWIS - Last updated: 2025-09-09 22:17:41 UTC,NWS data: NRLDB - Last updated: 2025-09-09 22:45:29 UTC,USGS data: USGS NWIS - Last updated: 2025-09-09 22:17:41 UTC,,DE92438E,,above Bear Creek at Kerrville,EWX,WGRFC,WGRFC,30.069444444444,-99.195,https://maps.google.com/maps?t=k&q=loc:30.069444444444+-99.195,,Texas,Kerr,,,EWX,,,,,,"Guadalupe Rv abv Bear Ck at Kerrville, TX",WGRFC,30.06965617,-99.1953454,https://maps.google.com/maps?t=k&q=loc:30.06965617+-99.1953454,F,NAD83,M,Texas,12100201.0,ST,1622.56,0.24,NAVD88,X,494.0,square miles,494.0,,,,30.06905937194824,-99.19579315185548,497.2799987792969,538.0,,0.0549999997019767,9.999999747378752e-06,0.2711815237998962,,,,,,,,,above Bear Creek at Kerrville,30.069444444444,-99.195,NAD83,Texas,12100201.0,"Guadalupe Rv abv Bear Ck at Kerrville, TX",30.06965617,-99.1953454,NAD83,Texas,12100201.0,3.0,Location NWM Crosswalk v3.0,"Created 20240328. Authoritative 3.0 dataset mapping Locations to NWM Reaches.  Source:
1) NWM Routelink File v3.0
2) NHDPlus v2.1+
3) GID",3.0,NWS Station to USGS Gages 3.0,"Created 20240328.  Authoritative 3.0 dataset mapping NWS Stations to USGS Gage.  Source:
1) AHPS CMS Report
2) HADS dataset
3) GID",EPSG:4269,Upper Guadalupe,TX,usgs_gage,,,POINT (-307658.3120008047 782277.9350680592),183.0,"LINESTRING (-307945 782295, -307935 782295, -307925 782295, -307915 782295, -307905 782295, -307895 782285, -307885 782285, -307875 782285, -307865 782285, -307855 782285, -307845 782285, -307835 782275, -307825 782275, -307815 782265, -307805 782265, -307795 782255, -307785 782255, -307775 782245, -307765 782245, -307755 782235, -307745 782235, -307735 782225, -307725 782225, -307715 782215, -307705 782215, -307695 782205, -307685 782205, -307675 782195, -307665 782195, -307655 782185, -307645 782185, -307635 782175, -307625 782175, -307615 782165, -307605 782155, -307595 782155, -307585 782145, -307575 782135, -307565 782135, -307555 782125, -307545 782125, -307535 782115, -307525 782105, -307515 782105, -307505 782095, -307495 782095, -307485 782085, -307475 782075, -307465 782065)",POINT (-307685 782205)
08166200,KRRT2,3585724,25130180,0,488.49582,488.49582,4,-999.0,12100201,88.45023003585064,USGS data: USGS NWIS - Last updated: 2025-09-09 22:17:41 UTC,NWS data: NRLDB - Last updated: 2025-09-09 22:45:29 UTC,USGS data: USGS NWIS - Last updated: 2025-09-09 22:17:41 UTC,,DD6F66F6,,Kerrville,EWX,WGRFC,WGRFC,30.053055555556,-99.163055555556,https://maps.google.com/maps?t=k&q=loc:30.053055555556+-99.163055555556,UNK,Texas,Kerr,,12100201.0,EWX,1601.14,NAVD88,,,,"Guadalupe Rv at Kerrville, TX",WGRFC,30.053266,-99.163375,https://maps.google.com/maps?t=k&q=loc:30.053266+-99.163375,F,NAD83,M,Texas,12100201.0,ST,1601.14,0.05,NAVD88,X,510.0,square miles,510.0,,,,30.04920387268066,-99.15807342529295,490.760009765625,1672.0,,0.0549999997019767,0.0017600000137463,0.2697441279888153,,,,,,,,,Kerrville,30.053055555556,-99.163055555556,UNK,Texas,12100201.0,"Guadalupe Rv at Kerrville, TX",30.053266,-99.163375,NAD83,Texas,12100201.0,3.0,Location NWM Crosswalk v3.0,"Created 20240328. Authoritative 3.0 dataset mapping Locations to NWM Reaches.  Source:
1) NWM Routelink File v3.0
2) NHDPlus v2.1+
3) GID",3.0,NWS Station to USGS Gages 3.0,"Created 20240328.  Authoritative 3.0 dataset mapping NWS Stations to USGS Gage.  Source:
1) AHPS CMS Report
2) HADS dataset
3) GID",EPSG:4269,Upper Guadalupe,TX,usgs_gage,,,POINT (-304641.7810255907 780356.8685405024),179.0,"LINESTRING (-305315 781045, -305315 781045, -305315 781045, -305315 781045, -305315 781045, -305315 781045, -305315 781045, -305315 781045, -305315 781045, -305315 781045, -305315 781045, -305315 781045, -305315 781045, -305315 781045, -305315 781045, -305315 781045, -305315 781045, -305315 781045, -305315 781045, -305315 781045, -305315 781045, -305315 781045, -305315 781045, -305315 781045, -305315 781045, -305315 781045, -305315 781045, -305315 781045, -305315 781045, -305315 781045, -305315 781045, -305315 781045, -305315 781045, -305315 781045, -305315 781045, -305315 781045, -305315 781045, -305315 781045, -305315 781045, -305315 781045, -305315 781045, -305315 781045, -305315 781045, -305315 781045, -305315 781045, -305315 781045, -305315 781045, -305315 781045, -305315 781045, -305315 781045, -305315 781045, -305315 781045, -305315 781045, -305315 781045, -305315 781045, -305315 781045, -305315 781045, -305315 781045, -305315 781045, -305315 781045, -305315 781045, -305315 781045, -305315 781045, -305315 781045, -305315 781045, -305315 781045, -305315 781045, -305315 781045, -305315 781045, -305315 781045, -305315 781045, -305315 781045, -305315 781045, -305315 781045, -305315 781045, -305315 781045, -305315 781045, -305315 781045, -305315 781045, -305315 781045, -305315 781045, -305315 781045, -305315 781045, -305315 781045, -305315 781045, -305315 781045, -305315 781045, -305315 781045, -305315 781045, -305315 781045, -305315 781045, -305315 781045, -305315 781045, -305315 781045, -305315 781045, -305315 781045, -305315 781045, -305315 781045, -305315 781045, -305315 781045, -305315 781045, -305315 781045, -305315 781045, -305305 781035, -305295 781025, -305295 781015, -305295 781005, -305285 780995, -305275 780985, -305265 780975, -305265 780965, -305255 780955, -305245 780945, -305235 780945, -305225 780935, -305215 780925, -305205 780915, -305205 780905, -305195 780895, -305185 780885, -305175 780875, -305165 780865, -305155 780855, -305145 780845, -305135 780835, -305125 780825, -305115 780815, -305105 780805, -305095 780795, -305095 780785, -305085 780775, -305075 780765, -305065 780765, -305055 780755, -305055 780745, -305055 780735, -305055 780725, -305055 780715, -305055 780705, -305045 780695, -305045 780685, -305045 780675, -305035 780665, -305025 780655, -305025 780645, -305025 780635, -305015 780625, -305015 780615, -305005 780605, -305005 780595, -305005 780585, -304995 780575, -304985 780565, -304985 780555, -304975 780545, -304965 780535, -304955 780525, -304945 780515, -304935 780505, -304925 780495, -304915 780485, -304905 780475, -304895 780465, -304885 780455, -304875 780445, -304865 780445, -304855 780435, -304845 780425, -304835 780425, -304825 780425, -304815 780415, -304805 780415, -304795 780405, -304785 780405, -304775 780395, -304775 780385, -304765 780375, -304765 780365, -304755 780355, -304755 780345, -304745 780335, -304735 780325, -304725 780315, -304715 780305, -304705 780295, -304695 780285, -304695 780275, -304685 780265, -304675 780255, -304665 780245, -304655 780235, -304645 780225, -304635 780215, -304625 780205, -304615 780195, -304605 780185, -304605 780175, -304595 780165, -304585 780155, -304575 780145, -304565 780135, -304555 780125, -304545 780115, -304535 780105, -304525 780105, -304515 780095)",POINT (-304704.32478304656 780294.3247830465)
08166250,GCTT2,3587616,25130172,0,467.92538,467.40012,4,-999.0,12100201,37.23573254375341,USGS data: USGS NWIS - Last updated: 2025-09-09 22:17:41 UTC,NWS data: NRLDB - Last updated: 2025-09-09 22:45:29 UTC,USGS data: USGS NWIS - Last updated: 2025-09-09 22:17:41 UTC,,17AB1562,,near Centerpoint,EWX,WGRFC,WGRFC,29.9877777777778,-99.11,https://maps.google.com/maps?t=k&q=loc:29.9877777777778+-99.11,,Texas,Kerr,,,EWX,,,,,,"Guadalupe Rv nr Center Point, TX",WGRFC,29.98777778,-99.11,https://maps.google.com/maps?t=k&q=loc:29.98777778+-99.11,S,NAD83,G,Texas,12100201.0,ST,1529.54,0.03,NAVD88,X,553.0,square miles,553.0,,,,29.989501953125,-99.10832214355467,477.7999877929688,1802.0,,0.0549999997019767,0.0048099998384714,0.2647172808647156,,,,,,,,,near Centerpoint,29.9877777777778,-99.11,NAD83,Texas,12100201.0,"Guadalupe Rv nr Center Point, TX",29.98777778,-99.11,NAD83,Texas,12100201.0,3.0,Location NWM Crosswalk v3.0,"Created 20240328. Authoritative 3.0 dataset mapping Locations to NWM Reaches.  Source:
1) NWM Routelink File v3.0
2) NHDPlus v2.1+
3) GID",3.0,NWS Station to USGS Gages 3.0,"Created 20240328.  Authoritative 3.0 dataset mapping NWS Stations to USGS Gage.  Source:
1) AHPS CMS Report
2) HADS dataset
3) GID",EPSG:4269,Upper Guadalupe,TX,usgs_gage,,,POINT (-299741.2660807624 772923.4422250744),171.0,"LINESTRING (-299525 773175, -299525 773175, -299525 773175, -299525 773175, -299525 773175, -299525 773175, -299525 773175, -299525 773175, -299525 773175, -299525 773175, -299525 773175, -299525 773175, -299525 773175, -299525 773175, -299525 773175, -299525 773175, -299525 773175, -299525 773175, -299525 773175, -299525 773175, -299525 773175, -299525 773175, -299525 773175, -299525 773175, -299525 773175, -299525 773175, -299525 773175, -299525 773175, -299525 773175, -299525 773175, -299525 773175, -299525 773175, -299525 773175, -299525 773175, -299525 773175, -299525 773175, -299525 773175, -299525 773175, -299525 773175, -299525 773175, -299525 773175, -299525 773175, -299525 773175, -299525 773175, -299525 773175, -299525 773175, -299525 773175, -299525 773175, -299525 773175, -299525 773175, -299525 773175, -299525 773175, -299525 773175, -299525 773175, -299525 773175, -299525 773175, -299525 773175, -299525 773175, -299525 773175, -299525 773175, -299525 773175, -299525 773175, -299525 773175, -299525 773175, -299525 773175, -299525 773175, -299525 773175, -299525 773175, -299525 773175, -299525 773175, -299525 773175, -299525 773175, -299525 773175, -299525 773175, -299525 773175, -299525 773175, -299525 773175, -299525 773175, -299525 773175, -299525 773175, -299525 773175, -299525 773175, -299525 773175, -299525 773175, -299525 773175, -299525 773175, -299525 773165, -299535 773155, -299535 773145, -299545 773135, -299555 773125, -299565 773115, -299575 773105, -299585 773105, -299595 773095, -299605 773095, -299615 773085, -299625 773085, -299635 773085, -299645 773075, -299655 773075, -299665 773065, -299665 773055, -299675 773045, -299675 773035, -299685 773025, -299685 773015, -299695 773005, -299695 772995, -299695 772985, -299695 772975, -299695 772965, -299695 772955, -299695 772945, -299695 772935, -299695 772925, -299705 772915, -299705 772905, -299705 772895, -299705 772885, -299705 772875, -299705 772865, -299705 772855, -299705 772845, -299705 772835, -299705 772825, -299695 772815, -299695 772805, -299695 772795, -299695 772785, -299695 772775, -299695 772765, -299685 772755, -299685 772745, -299685 772735, -299685 772725, -299675 772715, -299675 772705, -299665 772695, -299665 772685, -299655 772675, -299655 772665, -299645 772655, -299645 772645, -299635 772635, -299635 772625, -299625 772615, -299625 772605, -299615 772595, -299615 772585, -299605 772575, -299595 772565, -299585 772555, -299585 772545, -299575 772535, -299565 772525, -299555 772515, -299545 772505, -299545 772495, -299535 772485, -299525 772475, -299515 772465, -299505 772455, -299495 772445, -299485 772435, -299475 772425, -299475 772415, -299465 772405, -299455 772395, -299445 772385, -299445 772375, -299445 772365)",POINT (-299705 772915)
08167000,COMT2,3589508,25130142,0,420.2467,419.38406,4,-999.0,12100201,39.110432925617566,USGS data: USGS NWIS - Last updated: 2025-09-09 22:17:41 UTC,NWS data: NRLDB - Last updated: 2025-09-09 22:45:29 UTC,USGS data: USGS NWIS - Last updated: 2025-09-09 22:17:41 UTC,,DD7100E6,,Comfort,EWX,WGRFC,WGRFC,29.96523889,-98.8971667,https://maps.google.com/maps?t=k&q=loc:29.96523889+-98.8971667,UNK,Texas,Kendall,,12100201.0,EWX,1371.43,NAVD88,,,,"Guadalupe Rv at Comfort, TX",WGRFC,29.96523889,-98.8971667,https://maps.google.com/maps?t=k&q=loc:29.96523889+-98.8971667,H,NAD83,N,Texas,12100201.0,ST,,,,,839.0,square miles,839.0,,,,29.96796607971191,-98.88526916503906,420.5899963378906,3508.0,,0.0549999997019767,0.0017500000540167,0.2485164105892181,,,,,,,,,Comfort,29.96523889,-98.8971667,UNK,Texas,12100201.0,"Guadalupe Rv at Comfort, TX",29.96523889,-98.8971667,NAD83,Texas,12100201.0,3.0,Location NWM Crosswalk v3.0,"Created 20240328. Authoritative 3.0 dataset mapping Locations to NWM Reaches.  Source:
1) NWM Routelink File v3.0
2) NHDPlus v2.1+
3) GID",3.0,NWS Station to USGS Gages 3.0,"Created 20240328.  Authoritative 3.0 dataset mapping NWS Stations to USGS Gage.  Source:
1) AHPS CMS Report
2) HADS dataset
3) GID",EPSG:4269,Upper Guadalupe,TX,usgs_gage,,,POINT (-279311.2524540977 769775.2331310218),141.0,"LINESTRING (-279435 769615, -279425 769625, -279425 769635, -279415 769645, -279405 769655, -279405 769665, -279395 769675, -279395 769685, -279385 769695, -279385 769705, -279375 769715, -279375 769725, -279375 769735, -279365 769745, -279365 769755, -279355 769765, -279355 769775, -279355 769785, -279345 769795, -279345 769805, -279335 769815, -279335 769825, -279335 769835, -279325 769845, -279325 769855, -279315 769865, -279315 769875, -279305 769885, -279305 769895, -279295 769905, -279285 769915, -279285 769925, -279275 769935, -279265 769945, -279265 769955, -279255 769965, -279245 769975, -279235 769985, -279225 769985, -279215 769995, -279205 769995, -279195 769995, -279185 769995, -279175 770005, -279165 770005, -279155 770005, -279145 770005, -279135 770005, -279125 770015, -279115 770015, -279105 770025, -279095 770025, -279085 770035, -279075 770045, -279065 770055, -279065 770065, -279055 770075, -279045 770085, -279035 770095, -279035 770105, -279025 770115, -279025 770125, -279025 770135, -279025 770145, -279015 770155, -279015 770165, -279015 770175, -279015 770185, -279005 770195, -279005 770205, -278995 770215, -278985 770225, -278975 770235, -278965 770245, -278955 770255, -278945 770255, -278935 770265, -278925 770265, -278915 770265, -278905 770275, -278895 770275, -278885 770275, -278875 770275, -278865 770285, -278855 770285, -278845 770285, -278835 770285, -278825 770285, -278815 770285, -278805 770285, -278795 770285, -278785 770285, -278775 770285, -278765 770285, -278755 770295, -278745 770295, -278735 770295, -278725 770295, -278715 770295, -278705 770295, -278695 770295, -278685 770295, -278675 770295, -278665 770295, -278655 770295, -278645 770295, -278635 770295)",POINT (-279345 769795)
08167200,GUBT2,3589062,25130096,0,352.31595,351.09338,4,-999.0,12100201,26.713475731631355,USGS data: USGS NWIS - Last updated: 2025-09-09 22:17:41 UTC,NWS data: NRLDB - Last updated: 2025-09-09 22:45:29 UTC,USGS data: USGS NWIS - Last updated: 2025-09-09 22:17:41 UTC,,DDED943E,,AT FM474 near Bergheim,EWX,WGRFC,WGRFC,29.8933333333333,-98.6697222222222,https://maps.google.com/maps?t=k&q=loc:29.8933333333333+-98.6697222222222,,Texas,Kendall,,,EWX,,,,,,"Guadalupe Rv at FM 474 nr Bergheim, TX",WGRFC,29.89358333,-98.6698333,https://maps.google.com/maps?t=k&q=loc:29.89358333+-98.6698333,5,NAD83,G,Texas,12100201.0,ST,1146.75,0.04,NAVD88,X,1103.0,square miles,1103.0,,,,29.89734077453613,-98.63588714599608,353.8900146484375,9933.0,,0.0549999997019767,0.0012499999720603,0.2383779436349869,,,,,,,,,AT FM474 near Bergheim,29.8933333333333,-98.6697222222222,NAD83,Texas,12100201.0,"Guadalupe Rv at FM 474 nr Bergheim, TX",29.89358333,-98.6698333,NAD83,Texas,12100201.0,3.0,Location NWM Crosswalk v3.0,"Created 20240328. Authoritative 3.0 dataset mapping Locations to NWM Reaches.  Source:
1) NWM Routelink File v3.0
2) NHDPlus v2.1+
3) GID",3.0,NWS Station to USGS Gages 3.0,"Created 20240328.  Authoritative 3.0 dataset mapping NWS Stations to USGS Gage.  Source:
1) AHPS CMS Report
2) HADS dataset
3) GID",EPSG:4269,Upper Guadalupe,TX,usgs_gage,,,POINT (-257623.7397959156 761185.9612362378),95.0,"LINESTRING (-257795 761315, -257785 761315, -257775 761305, -257765 761305, -257755 761305, -257745 761305, -257735 761295, -257725 761295, -257715 761285, -257705 761285, -257695 761275, -257685 761275, -257675 761265, -257665 761255, -257655 761245, -257645 761235, -257635 761225, -257625 761225, -257615 761215, -257605 761205, -257595 761195, -257585 761185, -257575 761175, -257565 761175, -257555 761165, -257545 761155, -257535 761155, -257525 761145, -257515 761135, -257505 761135, -257495 761125, -257485 761115, -257475 761105, -257465 761105, -257455 761095, -257445 761085, -257435 761085, -257425 761075, -257415 761065, -257405 761065, -257395 761055, -257385 761045, -257375 761045, -257365 761035, -257355 761035, -257345 761025, -257335 761015, -257325 761015, -257315 761005, -257305 761005, -257295 760995, -257285 760985, -257275 760985, -257265 760975, -257255 760975, -257245 760965, -257235 760955, -257225 760955, -257215 760945, -257205 760945, -257195 760935, -257185 760925, -257175 760925, -257165 760915, -257155 760905, -257145 760905, -257135 760895, -257125 760895, -257115 760885, -257105 760875, -257095 760875, -257085 760865, -257075 760865, -257065 760855, -257055 760845, -257045 760845, -257035 760835, -257025 760835, -257015 760825, -257005 760815, -256995 760815, -256985 760805, -256975 760805, -256965 760795, -256955 760795, -256945 760785, -256935 760785, -256925 760785, -256915 760775, -256905 760775, -256895 760775, -256885 760775, -256875 760765, -256865 760765, -256855 760765, -256845 760765, -256835 760765, -256825 760765, -256815 760775, -256805 760775, -256795 760775, -256785 760775, -256775 760775, -256765 760785, -256755 760785, -256745 760795, -256735 760795, -256725 760805, -256715 760815, -256705 760825, -256695 760825, -256685 760835, -256675 760845, -256665 760855, -256665 760865, -256655 760875, -256645 760885, -256645 760895, -256635 760905, -256635 760915, -256625 760925, -256625 760935)",POINT (-257604.8505160767 761204.8505160767)
08167500,SRGT2,3589120,25130057,0,289.99146,289.99146,4,-999.0,12100201,22.945066590021643,USGS data: USGS NWIS - Last updated: 2025-09-09 22:17:41 UTC,NWS data: NRLDB - Last updated: 2025-09-09 22:45:29 UTC,USGS data: USGS NWIS - Last updated: 2025-09-09 22:17:41 UTC,,DD798254,,Spring Branch,EWX,WGRFC,WGRFC,29.860277777778,-98.383333333333,https://maps.google.com/maps?t=k&q=loc:29.860277777778+-98.383333333333,UNK,Texas,Comal,,12100201.0,EWX,948.43,NAVD88,,,,"Guadalupe Rv nr Spring Branch, TX",WGRFC,29.8604957,-98.3836275,https://maps.google.com/maps?t=k&q=loc:29.8604957+-98.3836275,F,NAD83,M,Texas,12100201.0,ST,948.43,0.07,NAVD88,X,1315.0,square miles,1315.0,,,,29.86445045471191,-98.3816375732422,291.4100036621094,4109.0,,0.0549999997019767,0.0007600000244565,0.2324138730764389,,,,,,,,,Spring Branch,29.860277777778,-98.383333333333,UNK,Texas,12100201.0,"Guadalupe Rv nr Spring Branch, TX",29.8604957,-98.3836275,NAD83,Texas,12100201.0,3.0,Location NWM Crosswalk v3.0,"Created 20240328. Authoritative 3.0 dataset mapping Locations to NWM Reaches.  Source:
1) NWM Routelink File v3.0
2) NHDPlus v2.1+
3) GID",3.0,NWS Station to USGS Gages 3.0,"Created 20240328.  Authoritative 3.0 dataset mapping NWS Stations to USGS Gage.  Source:
1) AHPS CMS Report
2) HADS dataset
3) GID",EPSG:4269,Upper Guadalupe,TX,usgs_gage,,,POINT (-230104.70687227085 756782.0568058685),56.0,"LINESTRING (-230215 756785, -230215 756785, -230215 756785, -230215 756785, -230215 756785, -230215 756785, -230215 756785, -230215 756785, -230215 756785, -230215 756785, -230215 756785, -230215 756785, -230215 756785, -230215 756785, -230215 756785, -230215 756785, -230215 756785, -230215 756785, -230215 756785, -230215 756785, -230215 756785, -230215 756785, -230215 756785, -230215 756785, -230215 756785, -230215 756785, -230215 756785, -230215 756785, -230215 756785, -230215 756785, -230215 756785, -230215 756785, -230215 756785, -230215 756785, -230215 756785, -230215 756785, -230215 756785, -230215 756785, -230215 756785, -230215 756785, -230215 756785, -230215 756785, -230215 756785, -230215 756785, -230215 756785, -230215 756785, -230215 756785, -230215 756785, -230215 756785, -230215 756785, -230215 756785, -230215 756785, -230215 756785, -230215 756785, -230215 756785, -230215 756785, -230215 756785, -230215 756785, -230215 756785, -230215 756785, -230215 756785, -230215 756785, -230215 756785, -230215 756785, -230215 756785, -230215 756785, -230215 756785, -230215 756785, -230215 756785, -230215 756785, -230215 756785, -230215 756785, -230215 756785, -230215 756785, -230215 756785, -230215 756785, -230215 756785, -230215 756785, -230215 756785, -230215 756785, -230215 756785, -230215 756785, -230215 756785, -230215 756785, -230215 756785, -230215 756785, -230215 756785, -230215 756785, -230215 756785, -230215 756785, -230215 756785, -230215 756785, -230215 756785, -230215 756785, -230215 756785, -230215 756785, -230215 756785, -230215 756785, -230215 756785, -230215 756785, -230215 756785, -230215 756785, -230215 756785, -230215 756785, -230215 756785, -230215 756785, -230215 756785, -230215 756785, -230215 756785, -230215 756785, -230215 756785, -230215 756785, -230215 756785, -230215 756785, -230215 756785, -230215 756785, -230215 756785, -230215 756785, -230215 756785, -230215 756785, -230215 756785, -230215 756785, -230215 756785, -230215 756785, -230215 756785, -230215 756785, -230215 756785, -230215 756785, -230215 756785, -230205 756785, -230195 756795, -230185 756795, -230175 756795, -230165 756795, -230155 756795, -230145 756795, -230135 756795, -230125 756795, -230115 756805, -230105 756805, -230095 756815, -230085 756815, -230075 756815, -230065 756825, -230055 756825, -230045 756835, -230035 756835, -230025 756845, -230015 756845, -230005 756855, -229995 756865, -229985 756875, -229975 756875, -229965 756885, -229955 756895, -229945 756895, -229935 756905, -229925 756915, -229925 756925, -229915 756935, -229915 756945, -229905 756955, -229895 756965, -229895 756975, -229885 756985, -229885 756995, -229875 757005, -229875 757015, -229865 757025, -229865 757035, -229865 757045, -229865 757055, -229865 757065, -229865 757075, -229875 757085, -229875 757095, -229875 757105, -229885 757115, -229885 757125, -229885 757135, -229885 757145, -229895 757155, -229895 757165, -229895 757175, -229895 757185, -229895 757195, -229895 757205, -229905 757215, -229905 757225, -229905 757235, -229905 757245, -229905 757255, -229905 757265, -229905 757275, -229905 757285, -229905 757295, -229905 757305, -229905 757315, -229905 757325, -229905 757335, -229905 757345, -229895 757355, -229895 757365, -229895 757375, -229895 757385, -229895 757395, -229895 757405, -229895 757415, -229895 757425, -229895 757435, -229895 757445, -229895 757455, -229895 757465, -229895 757475, -229885 757485, -229885 757495, -229885 757505, -229885 757515, -229885 757525, -229875 757535, -229875 757545, -229875 757555, -229875 757565, -229875 757575, -229865 757585, -229865 757595, -229865 757605, -229865 757615, -229865 757625, -229855 757635, -229855 757645, -229855 757655, -229855 757665, -229845 757675, -229845 757685, -229835 757695, -229835 757705, -229835 757715, -229825 757725, -229825 757735, -229815 757745, -229815 757755, -229805 757765, -229795 757775, -229795 757785, -229785 757795, -229775 757805, -229765 757805, -229755 757815, -229745 757815, -229735 757825, -229725 757825, -229715 757825, -229705 757825, -229695 757825, -229685 757825, -229675 757815, -229665 757815)",POINT (-230105 756805)
08167700,SMCT2,3589578,25130003,0,277.3,277.3,4,3588682.0,12100201,11.36966210254468,USGS data: USGS NWIS - Last updated: 2025-09-09 22:17:41 UTC,NWS data: NRLDB - Last updated: 2025-09-09 22:45:29 UTC,USGS data: USGS NWIS - Last updated: 2025-09-09 22:17:41 UTC,,DD8A5126,,Canyon Dam,EWX,WGRFC,WGRFC,29.868611111111,-98.198611111111,https://maps.google.com/maps?t=k&q=loc:29.868611111111+-98.198611111111,UNK,Texas,Comal,,12100201.0,EWX,,NGVD 1929,,,,"Canyon Lk nr New Braunfels, TX",WGRFC,29.86882934,-98.1989,https://maps.google.com/maps?t=k&q=loc:29.86882934+-98.1989,F,NAD83,M,Texas,12100201.0,LK,0.0,1.0,NGVD29,R,1432.0,square miles,1432.0,,,,29.86761665344238,-98.21270751953124,277.1600036621094,2943.0,,0.0549999997019767,0.0004299999854993,0.2294817268848419,,,,,,,,,Canyon Dam,29.868611111111,-98.198611111111,UNK,Texas,12100201.0,"Canyon Lk nr New Braunfels, TX",29.86882934,-98.1989,NAD83,Texas,12100201.0,3.0,Location NWM Crosswalk v3.0,"Created 20240328. Authoritative 3.0 dataset mapping Locations to NWM Reaches.  Source:
1) NWM Routelink File v3.0
2) NHDPlus v2.1+
3) GID",3.0,NWS Station to USGS Gages 3.0,"Created 20240328.  Authoritative 3.0 dataset mapping NWS Stations to USGS Gage.  Source:
1) AHPS CMS Report
2) HADS dataset
3) GID",EPSG:4269,Upper Guadalupe,TX,usgs_gage,,,POINT (-212253.86917484942 757276.3696621025),2.0,"LINESTRING (-213125 757075, -213125 757075, -213125 757075, -213125 757075, -213125 757075, -213125 757075, -213125 757075, -213125 757075, -213125 757075, -213125 757075, -213125 757075, -213125 757075, -213125 757075, -213125 757075, -213125 757075, -213125 757075, -213125 757075, -213125 757075, -213125 757075, -213125 757075, -213125 757075, -213125 757075, -213125 757075, -213125 757075, -213125 757075, -213125 757075, -213125 757075, -213125 757075, -213125 757075, -213125 757075, -213125 757075, -213125 757075, -213125 757075, -213125 757075, -213125 757075, -213125 757075, -213125 757075, -213125 757075, -213125 757075, -213125 757075, -213125 757075, -213125 757075, -213125 757075, -213125 757075, -213125 757075, -213125 757075, -213125 757075, -213125 757075, -213125 757075, -213125 757075, -213125 757075, -213125 757075, -213125 757075, -213125 757075, -213125 757075, -213125 757075, -213125 757075, -213125 757075, -213125 757075, -213125 757075, -213125 757075, -213125 757075, -213125 757075, -213125 757075, -213125 757075, -213125 757075, -213125 757075, -213125 757075, -213125 757075, -213125 757075, -213125 757075, -213125 757075, -213125 757075, -213125 757075, -213125 757075, -213125 757075, -213125 757075, -213125 757075, -213125 757075, -213125 757075, -213125 757075, -213125 757075, -213125 757075, -213125 757075, -213125 757075, -213125 757075, -213125 757075, -213125 757075, -213125 757075, -213125 757075, -213125 757075, -213125 757075, -213125 757075, -213125 757075, -213125 757075, -213125 757075, -213115 757085, -213105 757085, -213095 757085, -213085 757085, -213075 757095, -213065 757095, -213055 757095, -213045 757095, -213035 757095, -213025 757105, -213015 757105, -213005 757105, -212995 757105, -212985 757105, -212975 757115, -212965 757115, -212955 757115, -212945 757115, -212935 757125, -212925 757125, -212915 757125, -212905 757125, -212895 757125, -212885 757135, -212875 757135, -212865 757135, -212855 757135, -212845 757145, -212835 757145, -212825 757145, -212815 757145, -212805 757145, -212795 757155, -212785 757155, -212775 757155, -212765 757155, -212755 757155, -212745 757165, -212735 757165, -212725 757165, -212715 757165, -212705 757175, -212695 757175, -212685 757175, -212675 757175, -212665 757175, -212655 757185, -212645 757185, -212635 757185, -212625 757185, -212615 757185, -212605 757195, -212595 757195, -212585 757195, -212575 757195, -212565 757205, -212555 757205, -212545 757205, -212535 757205, -212525 757205, -212515 757215, -212505 757215, -212495 757215, -212485 757215, -212475 757225, -212465 757225, -212455 757225, -212445 757225, -212435 757225, -212425 757235, -212415 757235, -212405 757235, -212395 757235, -212385 757235, -212375 757245, -212365 757245, -212355 757245, -212345 757245, -212335 757255, -212325 757255, -212315 757255, -212305 757255, -212295 757255, -212285 757265, -212275 757265, -212265 757265, -212255 757265, -212245 757265, -212235 757275, -212225 757275, -212215 757275, -212205 757275, -212195 757285, -212185 757285, -212175 757285, -212174.81653545186 757285)",POINT (-212253.86917484942 757265)
08166000,JCIT2,3585554,25130019,1619000015,525.71405,524.67993,3,-999.0,12100201,40.17003398446832,USGS data: USGS NWIS - Last updated: 2025-09-09 22:17:41 UTC,NWS data: NRLDB - Last updated: 2025-09-09 22:45:29 UTC,USGS data: USGS NWIS - Last updated: 2025-09-09 22:17:41 UTC,,DE913210,,Johnson Creek Above Ingram,EWX,WGRFC,WGRFC,30.1,-99.282777777778,https://maps.google.com/maps?t=k&q=loc:30.1+-99.282777777778,,Texas,Kerr,,,EWX,1721.5,NAVD88,,,,"Johnson Ck nr Ingram, TX",WGRFC,30.10020707,-99.2831006,https://maps.google.com/maps?t=k&q=loc:30.10020707+-99.2831006,F,NAD83,M,Texas,12100201.0,ST,1721.5,0.05,NAVD88,X,114.0,square miles,114.0,,,,30.1003303527832,-99.28199005126952,536.1599731445312,5099.0,,0.0549999997019767,0.0035800000187009,0.3345430195331573,,,,,,,,,Johnson Creek Above Ingram,30.1,-99.282777777778,NAD83,Texas,12100201.0,"Johnson Ck nr Ingram, TX",30.10020707,-99.2831006,NAD83,Texas,12100201.0,3.0,Location NWM Crosswalk v3.0,"Created 20240328. Authoritative 3.0 dataset mapping Locations to NWM Reaches.  Source:
1) NWM Routelink File v3.0
2) NHDPlus v2.1+
3) GID",3.0,NWS Station to USGS Gages 3.0,"Created 20240328.  Authoritative 3.0 dataset mapping NWS Stations to USGS Gage.  Source:
1) AHPS CMS Report
2) HADS dataset
3) GID",EPSG:4269,Upper Guadalupe,TX,usgs_gage,,,POINT (-315987.23065130995 785954.8299660155),18.0,"LINESTRING (-316385 786145, -316385 786145, -316385 786145, -316385 786145, -316385 786145, -316385 786145, -316385 786145, -316385 786145, -316385 786145, -316385 786145, -316385 786145, -316385 786145, -316385 786145, -316385 786145, -316385 786145, -316385 786145, -316385 786145, -316385 786145, -316385 786145, -316385 786145, -316385 786145, -316385 786145, -316385 786145, -316385 786145, -316385 786145, -316385 786145, -316385 786145, -316385 786145, -316385 786145, -316385 786145, -316385 786145, -316385 786145, -316385 786145, -316385 786145, -316385 786145, -316385 786145, -316385 786145, -316385 786145, -316385 786145, -316385 786145, -316385 786145, -316385 786145, -316385 786145, -316385 786145, -316385 786145, -316385 786145, -316385 786145, -316385 786145, -316385 786145, -316385 786145, -316385 786145, -316385 786145, -316385 786145, -316385 786145, -316385 786145, -316385 786145, -316385 786145, -316385 786145, -316385 786145, -316385 786145, -316385 786145, -316385 786145, -316385 786145, -316385 786145, -316385 786145, -316385 786145, -316385 786145, -316385 786145, -316385 786145, -316385 786145, -316385 786145, -316385 786145, -316385 786145, -316385 786145, -316385 786145, -316385 786145, -316385 786145, -316385 786145, -316385 786145, -316385 786145, -316385 786145, -316385 786145, -316385 786145, -316385 786145, -316385 786145, -316385 786145, -316385 786145, -316385 786145, -316385 786145, -316385 786145, -316385 786145, -316385 786145, -316385 786145, -316385 786145, -316385 786145, -316385 786145, -316385 786145, -316385 786145, -316385 786145, -316385 786145, -316385 786145, -316385 786145, -316385 786145, -316385 786145, -316385 786145, -316385 786145, -316385 786145, -316385 786145, -316385 786145, -316385 786145, -316385 786145, -316385 786145, -316385 786145, -316385 786145, -316385 786145, -316385 786145, -316385 786145, -316385 786145, -316385 786145, -316385 786145, -316385 786145, -316385 786145, -316385 786145, -316385 786145, -316375 786145, -316365 786135, -316355 786135, -316345 786135, -316335 786125, -316325 786125, -316315 786115, -316305 786115, -316295 786105, -316285 786095, -316275 786095, -316265 786085, -316255 786085, -316245 786075, -316235 786075, -316225 786065, -316215 786065, -316205 786065, -316195 786055, -316185 786055, -316175 786055, -316165 786055, -316155 786045, -316145 786045, -316135 786045, -316125 786045, -316115 786045, -316105 786035, -316095 786035, -316085 786035, -316075 786035, -316065 786025, -316055 786025, -316045 786025, -316035 786015, -316025 786015, -316015 786005, -316005 786005, -315995 785995, -315985 785995, -315975 785995, -315965 785995, -315955 785985, -315945 785985, -315935 785985, -315925 785975, -315915 785975, -315905 785975, -315895 785975, -315885 785965, -315875 785965, -315865 785965, -315855 785965, -315845 785955, -315835 785955, -315825 785945, -315815 785945, -315805 785935, -315795 785935, -315785 785925, -315775 785915, -315765 785915, -315755 785905, -315745 785905, -315735 785895, -315725 785885, -315715 785885, -315705 785875, -315695 785865, -315685 785865, -315675 785855, -315665 785855, -315655 785845, -315645 785835, -315635 785835, -315625 785825, -315615 785825, -315605 785815, -315595 785815, -315585 785805, -315575 785805, -315565 785805, -315555 785795, -315545 785795, -315535 785785, -315525 785785, -315515 785785, -315505 785775, -315495 785775, -315485 785775, -315475 785765, -315465 785765, -315455 785765, -315445 785755, -315435 785755, -315425 785755, -315415 785745, -315405 785745, -315395 785735, -315385 785735, -315375 785735, -315365 785725, -315355 785725, -315345 785725, -315335 785735, -315325 785735, -315315 785745, -315305 785745, -315295 785755, -315285 785755, -315275 785765, -315265 785775, -315265 785785, -315255 785795, -315245 785795, -315235 785805, -315225 785805, -315215 785805, -315205 785805, -315195 785815, -315185 785815, -315175 785825, -315165 785825, -315155 785835)",POINT (-315987.23065130995 785995)
08165300,HNFT2,3585678,25130037,1619000006,549.0811,549.08,3,-999.0,12100201,38.40713407127496,USGS data: USGS NWIS - Last updated: 2025-09-09 22:17:41 UTC,NWS data: NRLDB - Last updated: 2025-09-09 22:45:29 UTC,USGS data: USGS NWIS - Last updated: 2025-09-09 22:17:41 UTC,,DE9250F8,,North Fork near Hunt,EWX,WGRFC,WGRFC,30.063888888889,-99.386666666667,https://maps.google.com/maps?t=k&q=loc:30.063888888889+-99.386666666667,,Texas,Kerr,,12100201.0,EWX,,,,,,"N Fk Guadalupe Rv nr Hunt, TX",WGRFC,30.06410028,-99.3870175,https://maps.google.com/maps?t=k&q=loc:30.06410028+-99.3870175,F,NAD83,M,Texas,12100201.0,ST,1800.22,0.23,NAVD88,X,169.0,square miles,169.0,,,,30.06464385986328,-99.38703918457033,554.52001953125,2389.0,,0.0549999997019767,0.0032099999953061,0.3159836530685425,,,,,,,,,North Fork near Hunt,30.063888888889,-99.386666666667,NAD83,Texas,12100201.0,"N Fk Guadalupe Rv nr Hunt, TX",30.06410028,-99.3870175,NAD83,Texas,12100201.0,3.0,Location NWM Crosswalk v3.0,"Created 20240328. Authoritative 3.0 dataset mapping Locations to NWM Reaches.  Source:
1) NWM Routelink File v3.0
2) NHDPlus v2.1+
3) GID",3.0,NWS Station to USGS Gages 3.0,"Created 20240328.  Authoritative 3.0 dataset mapping NWS Stations to USGS Gage.  Source:
1) AHPS CMS Report
2) HADS dataset
3) GID",EPSG:4269,Upper Guadalupe,TX,usgs_gage,,,POINT (-326127.5081676414 782300.8072559114),36.0,"LINESTRING (-326625 781995, -326625 781995, -326625 781995, -326625 781995, -326625 781995, -326625 781995, -326625 781995, -326625 781995, -326625 781995, -326625 781995, -326625 781995, -326625 781995, -326625 781995, -326625 781995, -326625 781995, -326625 781995, -326625 781995, -326625 781995, -326625 781995, -326625 781995, -326625 781995, -326625 781995, -326625 781995, -326625 781995, -326625 781995, -326625 781995, -326625 781995, -326625 781995, -326625 781995, -326625 781995, -326625 781995, -326625 781995, -326625 781995, -326625 781995, -326625 781995, -326625 781995, -326625 781995, -326625 781995, -326625 781995, -326625 781995, -326625 781995, -326625 781995, -326625 781995, -326625 781995, -326625 781995, -326625 781995, -326625 781995, -326625 781995, -326625 781995, -326625 781995, -326625 781995, -326625 781995, -326625 781995, -326625 781995, -326625 781995, -326625 781995, -326625 781995, -326625 781995, -326625 781995, -326625 781995, -326625 781995, -326625 781995, -326625 781995, -326625 781995, -326625 781995, -326625 781995, -326625 781995, -326625 781995, -326625 781995, -326625 781995, -326625 781995, -326625 781995, -326625 781995, -326625 781995, -326625 781995, -326625 781995, -326625 781995, -326625 781995, -326625 781995, -326625 781995, -326625 781995, -326625 781995, -326625 781995, -326625 781995, -326625 781995, -326625 781995, -326625 781995, -326625 781995, -326625 781995, -326625 781995, -326625 781995, -326625 781995, -326625 781995, -326625 781995, -326625 781995, -326625 781995, -326625 781995, -326625 781995, -326625 781995, -326625 781995, -326625 781995, -326625 781995, -326625 781995, -326625 781995, -326625 781995, -326625 781995, -326625 781995, -326625 781995, -326625 781995, -326625 781995, -326625 781995, -326625 781995, -326625 781995, -326625 781995, -326625 781995, -326625 781995, -326625 781995, -326625 781995, -326615 782005, -326605 782005, -326595 782015, -326585 782025, -326575 782025, -326565 782035, -326555 782045, -326545 782045, -326535 782055, -326525 782055, -326515 782065, -326505 782075, -326495 782075, -326485 782085, -326475 782085, -326465 782095, -326455 782105, -326445 782105, -326435 782115, -326425 782125, -326415 782125, -326405 782135, -326395 782135, -326385 782145, -326375 782155, -326365 782165, -326355 782165, -326345 782175, -326335 782185, -326325 782195, -326315 782195, -326305 782205, -326295 782215, -326285 782225, -326275 782225, -326265 782235, -326255 782245, -326245 782255, -326235 782255, -326225 782265, -326215 782275, -326205 782285, -326195 782295, -326185 782305, -326175 782315, -326165 782325, -326155 782335, -326145 782335, -326135 782345, -326125 782355, -326115 782365, -326105 782375, -326095 782385, -326085 782395, -326075 782405, -326065 782405, -326055 782415, -326045 782415, -326035 782425, -326025 782425, -326015 782435, -326005 782435, -325995 782445, -325985 782445, -325975 782455, -325965 782455, -325955 782465, -325945 782475, -325935 782485, -325925 782485, -325915 782495, -325905 782505, -325895 782515, -325885 782525, -325875 782525, -325865 782535, -325855 782545, -325845 782555, -325835 782555, -325825 782565, -325815 782575, -325805 782585, -325805 782595, -325795 782605, -325795 782615, -325785 782625, -325785 782635, -325775 782645, -325765 782655, -325755 782655, -325745 782665, -325735 782665, -325725 782675, -325715 782685, -325705 782685, -325695 782695, -325685 782695, -325675 782705, -325665 782715, -325655 782725, -325645 782735, -325635 782735, -325625 782745, -325615 782755, -325605 782755, -325595 782765, -325585 782765, -325575 782775, -325565 782775, -325555 782775, -325545 782785, -325535 782785, -325525 782795, -325515 782795, -325505 782795, -325495 782795, -325485 782795, -325475 782795)",POINT (-326145 782335)
08165500,HNTT2,3586192,25130044,1619000006,527.7951,527.48,4,-999.0,12100201,96.18786061149036,USGS data: USGS NWIS - Last updated: 2025-09-09 22:17:41 UTC,NWS data: NRLDB - Last updated: 2025-09-09 22:45:29 UTC,USGS data: USGS NWIS - Last updated: 2025-09-09 22:17:41 UTC,,DE5185FA,,Hunt,EWX,WGRFC,WGRFC,30.069722222222,-99.321388888889,https://maps.google.com/maps?t=k&q=loc:30.069722222222+-99.321388888889,UNK,Texas,Kerr,,12100201.0,EWX,1722.82,NAVD88,,,,"Guadalupe Rv at Hunt, TX",WGRFC,30.06993074,-99.3217122,https://maps.google.com/maps?t=k&q=loc:30.06993074+-99.3217122,F,NAD83,M,Texas,12100201.0,ST,1722.82,0.05,NAVD88,X,288.0,square miles,288.0,,,,30.07121849060059,-99.32559967041016,528.8099975585938,714.0,,0.0549999997019767,0.0009200000204145,0.2920143306255341,,,,,,,,,Hunt,30.069722222222,-99.321388888889,UNK,Texas,12100201.0,"Guadalupe Rv at Hunt, TX",30.06993074,-99.3217122,NAD83,Texas,12100201.0,3.0,Location NWM Crosswalk v3.0,"Created 20240328. Authoritative 3.0 dataset mapping Locations to NWM Reaches.  Source:
1) NWM Routelink File v3.0
2) NHDPlus v2.1+
3) GID",3.0,NWS Station to USGS Gages 3.0,"Created 20240328.  Authoritative 3.0 dataset mapping NWS Stations to USGS Gage.  Source:
1) AHPS CMS Report
2) HADS dataset
3) GID",EPSG:4269,Upper Guadalupe,TX,usgs_gage,,,POINT (-319819.39508554956 782725.5737818183),43.0,"LINESTRING (-319955 782765, -319955 782765, -319955 782765, -319955 782765, -319955 782765, -319955 782765, -319955 782765, -319955 782765, -319955 782765, -319955 782765, -319955 782765, -319955 782765, -319955 782765, -319955 782765, -319955 782765, -319955 782765, -319955 782765, -319955 782765, -319955 782765, -319955 782765, -319955 782765, -319955 782765, -319955 782765, -319955 782765, -319955 782765, -319955 782765, -319955 782765, -319955 782765, -319955 782765, -319955 782765, -319955 782765, -319955 782765, -319955 782765, -319955 782765, -319955 782765, -319955 782765, -319955 782765, -319955 782765, -319955 782765, -319955 782765, -319955 782765, -319955 782765, -319955 782765, -319955 782765, -319955 782765, -319955 782765, -319955 782765, -319955 782765, -319955 782765, -319955 782765, -319955 782765, -319955 782765, -319955 782765, -319955 782765, -319955 782765, -319955 782765, -319955 782765, -319955 782765, -319955 782765, -319955 782765, -319955 782765, -319955 782765, -319955 782765, -319955 782765, -319955 782765, -319955 782765, -319955 782765, -319955 782765, -319955 782765, -319955 782765, -319955 782765, -319955 782765, -319955 782765, -319955 782765, -319955 782765, -319955 782765, -319955 782765, -319955 782765, -319955 782765, -319955 782765, -319955 782765, -319955 782765, -319955 782765, -319955 782765, -319955 782765, -319955 782765, -319955 782765, -319955 782765, -319955 782765, -319955 782765, -319955 782765, -319955 782765, -319955 782765, -319955 782765, -319955 782765, -319955 782765, -319955 782765, -319955 782765, -319955 782765, -319955 782765, -319955 782765, -319955 782765, -319955 782765, -319955 782765, -319955 782765, -319955 782765, -319955 782765, -319955 782765, -319955 782765, -319955 782765, -319955 782765, -319955 782765, -319955 782765, -319955 782765, -319955 782765, -319955 782765, -319955 782765, -319955 782765, -319955 782765, -319955 782765, -319955 782765, -319955 782765, -319955 782765, -319955 782765, -319955 782765, -319955 782765, -319955 782765, -319955 782765, -319955 782765, -319955 782765, -319955 782765, -319955 782765, -319955 782765, -319955 782765, -319945 782765, -319935 782755, -319925 782745, -319925 782735, -319925 782725, -319915 782715, -319915 782705, -319915 782695, -319915 782685, -319915 782675, -319915 782665, -319905 782655, -319905 782645, -319905 782635, -319905 782625, -319895 782615, -319895 782605, -319895 782595, -319885 782585, -319885 782575, -319875 782565, -319865 782555, -319855 782545, -319845 782545, -319835 782535, -319825 782525, -319815 782515, -319805 782515, -319795 782505, -319785 782495, -319775 782485, -319775 782475, -319765 782465, -319755 782465, -319745 782455, -319735 782445, -319725 782435, -319715 782425, -319705 782425, -319695 782415, -319685 782405, -319675 782395, -319665 782385, -319655 782385, -319645 782375, -319635 782365, -319625 782355, -319615 782345, -319605 782345, -319595 782345, -319585 782335, -319575 782335, -319565 782325, -319555 782315, -319545 782315, -319535 782305, -319525 782305, -319515 782305, -319505 782305, -319495 782305, -319485 782305, -319475 782305, -319465 782305, -319455 782305, -319445 782305, -319435 782305, -319425 782305, -319415 782305, -319405 782305, -319395 782305, -319385 782305, -319375 782305, -319365 782305, -319355 782305, -319345 782305, -319335 782305, -319325 782305, -319315 782305, -319305 782305, -319295 782305, -319285 782305, -319275 782305, -319265 782305, -319255 782295, -319245 782295, -319235 782295, -319225 782295, -319215 782295, -319205 782295, -319195 782295, -319185 782295, -319175 782295, -319165 782295, -319155 782295, -319145 782295, -319135 782295, -319125 782295, -319115 782295, -319105 782295, -319095 782295, -319085 782295, -319075 782295, -319065 782295, -319055 782295, -319045 782295, -319035 782295, -319025 782295, -319015 782295, -319005 782295, -318995 782295, -318985 782295, -318975 782295, -318965 782295, -318955 782305, -318945 782305, -318935 782305, -318925 782315, -318915 782315, -318905 782315, -318895 782325, -318885 782325, -318875 782325, -318865 782335, -318855 782335, -318845 782335, -318835 782335, -318825 782335, -318815 782335, -318805 782335, -318795 782335, -318785 782335, -318775 782345, -318765 782345, -318755 782345)",POINT (-319915 782715)
08166140,GRHT2,3585626,25130053,1619000006,495.69,495.69,4,-999.0,12100201,77.66449287708943,USGS data: USGS NWIS - Last updated: 2025-09-09 22:17:41 UTC,NWS data: NRLDB - Last updated: 2025-09-09 22:45:29 UTC,USGS data: USGS NWIS - Last updated: 2025-09-09 22:17:41 UTC,,DE92438E,,above Bear Creek at Kerrville,EWX,WGRFC,WGRFC,30.069444444444,-99.195,https://maps.google.com/maps?t=k&q=loc:30.069444444444+-99.195,,Texas,Kerr,,,EWX,,,,,,"Guadalupe Rv abv Bear Ck at Kerrville, TX",WGRFC,30.06965617,-99.1953454,https://maps.google.com/maps?t=k&q=loc:30.06965617+-99.1953454,F,NAD83,M,Texas,12100201.0,ST,1622.56,0.24,NAVD88,X,494.0,square miles,494.0,,,,30.06905937194824,-99.19579315185548,497.2799987792969,538.0,,0.0549999997019767,9.999999747378752e-06,0.2711815237998962,,,,,,,,,above Bear Creek at Kerrville,30.069444444444,-99.195,NAD83,Texas,12100201.0,"Guadalupe Rv abv Bear Ck at Kerrville, TX",30.06965617,-99.1953454,NAD83,Texas,12100201.0,3.0,Location NWM Crosswalk v3.0,"Created 20240328. Authoritative 3.0 dataset mapping Locations to NWM Reaches.  Source:
1) NWM Routelink File v3.0
2) NHDPlus v2.1+
3) GID",3.0,NWS Station to USGS Gages 3.0,"Created 20240328.  Authoritative 3.0 dataset mapping NWS Stations to USGS Gage.  Source:
1) AHPS CMS Report
2) HADS dataset
3) GID",EPSG:4269,Upper Guadalupe,TX,usgs_gage,,,POINT (-307658.3120008047 782277.9350680592),52.0,"LINESTRING (-308015 782285, -308015 782285, -308015 782285, -308015 782285, -308015 782285, -308015 782285, -308015 782285, -308015 782285, -308015 782285, -308015 782285, -308015 782285, -308015 782285, -308015 782285, -308015 782285, -308015 782285, -308015 782285, -308015 782285, -308015 782285, -308015 782285, -308015 782285, -308015 782285, -308015 782285, -308015 782285, -308015 782285, -308015 782285, -308015 782285, -308015 782285, -308015 782285, -308015 782285, -308015 782285, -308015 782285, -308015 782285, -308015 782285, -308015 782285, -308015 782285, -308015 782285, -308015 782285, -308015 782285, -308015 782285, -308015 782285, -308015 782285, -308015 782285, -308015 782285, -308015 782285, -308015 782285, -308015 782285, -308015 782285, -308015 782285, -308015 782285, -308015 782285, -308015 782285, -308015 782285, -308015 782285, -308015 782285, -308015 782285, -308015 782285, -308015 782285, -308015 782285, -308015 782285, -308015 782285, -308015 782285, -308015 782285, -308015 782285, -308015 782285, -308015 782285, -308015 782285, -308015 782285, -308015 782285, -308015 782285, -308015 782285, -308015 782285, -308015 782285, -308015 782285, -308015 782285, -308015 782285, -308015 782285, -308015 782285, -308015 782285, -308015 782285, -308015 782285, -308015 782285, -308015 782285, -308015 782285, -308015 782285, -308015 782285, -308015 782285, -308015 782285, -308015 782285, -308015 782285, -308015 782285, -308015 782285, -308015 782285, -308015 782285, -308015 782285, -308015 782285, -308015 782285, -308015 782285, -308015 782285, -308015 782285, -308015 782285, -308015 782285, -308015 782285, -308015 782285, -308015 782285, -308015 782285, -308015 782285, -308015 782285, -308015 782285, -308015 782285, -308015 782285, -308015 782285, -308015 782285, -308015 782285, -308015 782285, -308015 782285, -308015 782285, -308015 782285, -308015 782285, -308015 782285, -308015 782285, -308015 782285, -308015 782285, -308015 782285, -308015 782285, -308015 782285, -308015 782285, -308015 782285, -308005 782285, -307995 782285, -307985 782285, -307975 782295, -307965 782295, -307955 782295, -307945 782295, -307935 782295, -307925 782295, -307915 782295, -307905 782295, -307895 782285, -307885 782285, -307875 782285, -307865 782285, -307855 782285, -307845 782285, -307835 782275, -307825 782275, -307815 782265, -307805 782265, -307795 782255, -307785 782255, -307775 782245, -307765 782245, -307755 782235, -307745 782235, -307735 782225, -307725 782225, -307715 782215, -307705 782215, -307695 782205, -307685 782205, -307675 782195, -307665 782195, -307655 782185, -307645 782185, -307635 782175, -307625 782175, -307615 782165, -307605 782155, -307595 782155, -307585 782145, -307575 782135, -307565 782135, -307555 782125, -307545 782125, -307535 782115, -307525 782105, -307515 782105, -307505 782095, -307495 782095, -307485 782085, -307475 782075, -307465 782065, -307455 782065, -307445 782055, -307435 782055, -307425 782045, -307415 782035, -307405 782035, -307395 782025, -307385 782015, -307375 782005, -307365 781995, -307355 781985, -307345 781975, -307335 781975, -307325 781965, -307315 781965, -307305 781955, -307295 781955, -307285 781945, -307275 781945, -307265 781945, -307255 781935, -307245 781935, -307235 781925, -307225 781925, -307215 781925, -307205 781915, -307195 781915, -307185 781915, -307175 781905, -307165 781905, -307155 781895, -307145 781895, -307135 781885, -307125 781875, -307115 781865, -307105 781855, -307095 781845, -307085 781835, -307075 781825, -307065 781825, -307055 781815, -307045 781815, -307035 781815, -307025 781815, -307015 781815, -307005 781815, -306995 781815, -306985 781815, -306975 781805, -306965 781805, -306955 781795, -306945 781785, -306935 781785, -306925 781775, -306915 781775, -306905 781765, -306895 781765, -306885 781765, -306875 781755, -306865 781755, -306855 781755, -306845 781755, -306835 781755, -306825 781745, -306815 781745, -306805 781745, -306795 781745, -306785 781745, -306775 781745, -306765 781745, -306755 781745, -306745 781745)",POINT (-307685 782205)
08166200,KRRT2,3585724,25130055,1619000006,488.49582,488.49582,4,-999.0,12100201,88.45023003585064,USGS data: USGS NWIS - Last updated: 2025-09-09 22:17:41 UTC,NWS data: NRLDB - Last updated: 2025-09-09 22:45:29 UTC,USGS data: USGS NWIS - Last updated: 2025-09-09 22:17:41 UTC,,DD6F66F6,,Kerrville,EWX,WGRFC,WGRFC,30.053055555556,-99.163055555556,https://maps.google.com/maps?t=k&q=loc:30.053055555556+-99.163055555556,UNK,Texas,Kerr,,12100201.0,EWX,1601.14,NAVD88,,,,"Guadalupe Rv at Kerrville, TX",WGRFC,30.053266,-99.163375,https://maps.google.com/maps?t=k&q=loc:30.053266+-99.163375,F,NAD83,M,Texas,12100201.0,ST,1601.14,0.05,NAVD88,X,510.0,square miles,510.0,,,,30.04920387268066,-99.15807342529295,490.760009765625,1672.0,,0.0549999997019767,0.0017600000137463,0.2697441279888153,,,,,,,,,Kerrville,30.053055555556,-99.163055555556,UNK,Texas,12100201.0,"Guadalupe Rv at Kerrville, TX",30.053266,-99.163375,NAD83,Texas,12100201.0,3.0,Location NWM Crosswalk v3.0,"Created 20240328. Authoritative 3.0 dataset mapping Locations to NWM Reaches.  Source:
1) NWM Routelink File v3.0
2) NHDPlus v2.1+
3) GID",3.0,NWS Station to USGS Gages 3.0,"Created 20240328.  Authoritative 3.0 dataset mapping NWS Stations to USGS Gage.  Source:
1) AHPS CMS Report
2) HADS dataset
3) GID",EPSG:4269,Upper Guadalupe,TX,usgs_gage,,,POINT (-304641.7810255907 780356.8685405024),54.0,"LINESTRING (-305465 781215, -305465 781215, -305465 781215, -305465 781215, -305465 781215, -305465 781215, -305465 781215, -305465 781215, -305465 781215, -305465 781215, -305465 781215, -305465 781215, -305465 781215, -305465 781215, -305465 781215, -305465 781215, -305465 781215, -305465 781215, -305465 781215, -305465 781215, -305465 781215, -305465 781215, -305465 781215, -305465 781215, -305465 781215, -305465 781215, -305465 781215, -305465 781215, -305465 781215, -305465 781215, -305465 781215, -305465 781215, -305465 781215, -305465 781215, -305465 781215, -305465 781215, -305465 781215, -305465 781215, -305465 781215, -305465 781215, -305465 781215, -305465 781215, -305465 781215, -305465 781215, -305465 781215, -305465 781215, -305465 781215, -305465 781215, -305465 781215, -305465 781215, -305465 781215, -305465 781215, -305465 781215, -305465 781215, -305465 781215, -305465 781215, -305465 781215, -305465 781215, -305465 781215, -305465 781215, -305465 781215, -305465 781215, -305465 781215, -305465 781215, -305465 781215, -305465 781215, -305465 781215, -305465 781215, -305465 781215, -305465 781215, -305465 781215, -305465 781215, -305465 781215, -305465 781215, -305465 781215, -305465 781215, -305465 781215, -305465 781215, -305465 781215, -305465 781215, -305465 781215, -305465 781215, -305465 781215, -305465 781215, -305465 781215, -305465 781215, -305465 781215, -305465 781215, -305465 781215, -305465 781215, -305465 781215, -305465 781215, -305465 781215, -305465 781215, -305465 781215, -305465 781215, -305465 781215, -305465 781215, -305465 781215, -305465 781215, -305465 781215, -305465 781215, -305465 781215, -305465 781215, -305465 781215, -305465 781215, -305465 781215, -305465 781215, -305465 781215, -305465 781215, -305465 781215, -305465 781215, -305465 781215, -305465 781215, -305465 781215, -305465 781215, -305465 781215, -305455 781205, -305445 781205, -305435 781195, -305425 781185, -305415 781175, -305405 781165, -305395 781165, -305385 781155, -305375 781145, -305365 781135, -305365 781125, -305355 781115, -305345 781105, -305335 781095, -305335 781085, -305335 781075, -305325 781065, -305315 781055, -305315 781045, -305305 781035, -305295 781025, -305295 781015, -305295 781005, -305285 780995, -305275 780985, -305265 780975, -305265 780965, -305255 780955, -305245 780945, -305235 780945, -305225 780935, -305215 780925, -305205 780915, -305205 780905, -305195 780895, -305185 780885, -305175 780875, -305165 780865, -305155 780855, -305145 780845, -305135 780835, -305125 780825, -305115 780815, -305105 780805, -305095 780795, -305095 780785, -305085 780775, -305075 780765, -305065 780765, -305055 780755, -305055 780745, -305055 780735, -305055 780725, -305055 780715, -305055 780705, -305045 780695, -305045 780685, -305045 780675, -305035 780665, -305025 780655, -305025 780645, -305025 780635, -305015 780625, -305015 780615, -305005 780605, -305005 780595, -305005 780585, -304995 780575, -304985 780565, -304985 780555, -304975 780545, -304965 780535, -304955 780525, -304945 780515, -304935 780505, -304925 780495, -304915 780485, -304905 780475, -304895 780465, -304885 780455, -304875 780445, -304865 780445, -304855 780435, -304845 780425, -304835 780425, -304825 780425, -304815 780415, -304805 780415, -304795 780405, -304785 780405, -304775 780395, -304775 780385, -304765 780375, -304765 780365, -304755 780355, -304755 780345, -304745 780335, -304735 780325, -304725 780315, -304715 780305, -304705 780295, -304695 780285, -304695 780275, -304685 780265, -304675 780255, -304665 780245, -304655 780235, -304645 780225, -304635 780215, -304625 780205, -304615 780195, -304605 780185, -304605 780175, -304595 780165, -304585 780155, -304575 780145, -304565 780135)",POINT (-304704.32478304656 780294.3247830465)
08166250,GCTT2,3587616,25130063,1619000006,467.92538,467.40012,4,-999.0,12100201,37.23573254375341,USGS data: USGS NWIS - Last updated: 2025-09-09 22:17:41 UTC,NWS data: NRLDB - Last updated: 2025-09-09 22:45:29 UTC,USGS data: USGS NWIS - Last updated: 2025-09-09 22:17:41 UTC,,17AB1562,,near Centerpoint,EWX,WGRFC,WGRFC,29.9877777777778,-99.11,https://maps.google.com/maps?t=k&q=loc:29.9877777777778+-99.11,,Texas,Kerr,,,EWX,,,,,,"Guadalupe Rv nr Center Point, TX",WGRFC,29.98777778,-99.11,https://maps.google.com/maps?t=k&q=loc:29.98777778+-99.11,S,NAD83,G,Texas,12100201.0,ST,1529.54,0.03,NAVD88,X,553.0,square miles,553.0,,,,29.989501953125,-99.10832214355467,477.7999877929688,1802.0,,0.0549999997019767,0.0048099998384714,0.2647172808647156,,,,,,,,,near Centerpoint,29.9877777777778,-99.11,NAD83,Texas,12100201.0,"Guadalupe Rv nr Center Point, TX",29.98777778,-99.11,NAD83,Texas,12100201.0,3.0,Location NWM Crosswalk v3.0,"Created 20240328. Authoritative 3.0 dataset mapping Locations to NWM Reaches.  Source:
1) NWM Routelink File v3.0
2) NHDPlus v2.1+
3) GID",3.0,NWS Station to USGS Gages 3.0,"Created 20240328.  Authoritative 3.0 dataset mapping NWS Stations to USGS Gage.  Source:
1) AHPS CMS Report
2) HADS dataset
3) GID",EPSG:4269,Upper Guadalupe,TX,usgs_gage,,,POINT (-299741.2660807624 772923.4422250744),62.0,"LINESTRING (-299695 772945, -299695 772945, -299695 772945, -299695 772945, -299695 772945, -299695 772945, -299695 772945, -299695 772945, -299695 772945, -299695 772945, -299695 772945, -299695 772945, -299695 772945, -299695 772945, -299695 772945, -299695 772945, -299695 772945, -299695 772945, -299695 772945, -299695 772945, -299695 772945, -299695 772945, -299695 772945, -299695 772945, -299695 772945, -299695 772945, -299695 772945, -299695 772945, -299695 772945, -299695 772945, -299695 772945, -299695 772945, -299695 772945, -299695 772945, -299695 772945, -299695 772945, -299695 772945, -299695 772945, -299695 772945, -299695 772945, -299695 772945, -299695 772945, -299695 772945, -299695 772945, -299695 772945, -299695 772945, -299695 772945, -299695 772945, -299695 772945, -299695 772945, -299695 772945, -299695 772945, -299695 772945, -299695 772945, -299695 772945, -299695 772945, -299695 772945, -299695 772945, -299695 772945, -299695 772945, -299695 772945, -299695 772945, -299695 772945, -299695 772945, -299695 772945, -299695 772945, -299695 772945, -299695 772945, -299695 772945, -299695 772945, -299695 772945, -299695 772945, -299695 772945, -299695 772945, -299695 772945, -299695 772945, -299695 772945, -299695 772945, -299695 772945, -299695 772945, -299695 772945, -299695 772945, -299695 772945, -299695 772945, -299695 772945, -299695 772945, -299695 772945, -299695 772945, -299695 772945, -299695 772945, -299695 772945, -299695 772945, -299695 772945, -299695 772945, -299695 772945, -299695 772945, -299695 772945, -299695 772945, -299695 772945, -299695 772945, -299695 772945, -299695 772945, -299695 772945, -299695 772945, -299695 772945, -299695 772945, -299695 772945, -299695 772945, -299695 772945, -299695 772945, -299695 772945, -299695 772945, -299695 772945, -299695 772945, -299695 772945, -299695 772945, -299695 772945, -299695 772945, -299695 772945, -299695 772945, -299695 772945, -299695 772945, -299695 772945, -299695 772945, -299695 772945, -299695 772945, -299695 772945, -299695 772935, -299695 772925, -299705 772915, -299705 772905, -299705 772895, -299705 772885, -299705 772875, -299705 772865, -299705 772855, -299705 772845, -299705 772835, -299705 772825, -299695 772815, -299695 772805, -299695 772795, -299695 772785, -299695 772775, -299695 772765, -299685 772755, -299685 772745, -299685 772735, -299685 772725, -299675 772715, -299675 772705, -299665 772695, -299665 772685, -299655 772675, -299655 772665, -299645 772655, -299645 772645, -299635 772635, -299635 772625, -299625 772615, -299625 772605, -299615 772595, -299615 772585, -299605 772575, -299595 772565, -299585 772555, -299585 772545, -299575 772535, -299565 772525, -299555 772515, -299545 772505, -299545 772495, -299535 772485, -299525 772475, -299515 772465, -299505 772455, -299495 772445, -299485 772435, -299475 772425, -299475 772415, -299465 772405, -299455 772395, -299445 772385, -299445 772375, -299445 772365, -299435 772355, -299425 772355, -299415 772345, -299405 772345, -299395 772335, -299385 772325, -299375 772325, -299365 772315, -299355 772305, -299345 772305, -299335 772295, -299325 772295, -299315 772285, -299305 772275, -299295 772275, -299285 772265, -299275 772265, -299265 772255, -299255 772255, -299245 772245, -299235 772245, -299225 772235, -299215 772225, -299205 772225, -299195 772215, -299185 772215, -299175 772205, -299165 772205, -299155 772195, -299145 772195, -299135 772185, -299125 772185, -299115 772175, -299105 772175, -299095 772165, -299085 772165, -299075 772155, -299065 772155, -299055 772155, -299045 772145, -299035 772145, -299025 772135, -299015 772135, -299005 772135, -298995 772135, -298985 772135, -298975 772135, -298965 772135, -298955 772135, -298945 772135, -298935 772145, -298925 772145, -298915 772145, -298905 772145, -298895 772145, -298885 772135, -298875 772135, -298865 772135, -298855 772125, -298845 772125, -298835 772125, -298825 772115, -298815 772115, -298805 772115, -298795 772105, -298785 772105, -298775 772095, -298765 772095, -298755 772085)",POINT (-299705 772915)
08167000,COMT2,3589508,25130082,1619000006,420.2467,419.38406,4,-999.0,12100201,39.110432925617566,USGS data: USGS NWIS - Last updated: 2025-09-09 22:17:41 UTC,NWS data: NRLDB - Last updated: 2025-09-09 22:45:29 UTC,USGS data: USGS NWIS - Last updated: 2025-09-09 22:17:41 UTC,,DD7100E6,,Comfort,EWX,WGRFC,WGRFC,29.96523889,-98.8971667,https://maps.google.com/maps?t=k&q=loc:29.96523889+-98.8971667,UNK,Texas,Kendall,,12100201.0,EWX,1371.43,NAVD88,,,,"Guadalupe Rv at Comfort, TX",WGRFC,29.96523889,-98.8971667,https://maps.google.com/maps?t=k&q=loc:29.96523889+-98.8971667,H,NAD83,N,Texas,12100201.0,ST,,,,,839.0,square miles,839.0,,,,29.96796607971191,-98.88526916503906,420.5899963378906,3508.0,,0.0549999997019767,0.0017500000540167,0.2485164105892181,,,,,,,,,Comfort,29.96523889,-98.8971667,UNK,Texas,12100201.0,"Guadalupe Rv at Comfort, TX",29.96523889,-98.8971667,NAD83,Texas,12100201.0,3.0,Location NWM Crosswalk v3.0,"Created 20240328. Authoritative 3.0 dataset mapping Locations to NWM Reaches.  Source:
1) NWM Routelink File v3.0
2) NHDPlus v2.1+
3) GID",3.0,NWS Station to USGS Gages 3.0,"Created 20240328.  Authoritative 3.0 dataset mapping NWS Stations to USGS Gage.  Source:
1) AHPS CMS Report
2) HADS dataset
3) GID",EPSG:4269,Upper Guadalupe,TX,usgs_gage,,,POINT (-279311.2524540977 769775.2331310218),81.0,"LINESTRING (-279635 768865, -279635 768865, -279635 768865, -279635 768865, -279635 768865, -279635 768865, -279635 768865, -279635 768865, -279635 768865, -279635 768865, -279635 768865, -279635 768865, -279635 768865, -279635 768865, -279635 768865, -279635 768865, -279635 768865, -279635 768865, -279635 768865, -279635 768865, -279635 768865, -279635 768865, -279635 768865, -279635 768865, -279635 768865, -279635 768865, -279635 768865, -279635 768865, -279635 768865, -279635 768865, -279635 768865, -279635 768865, -279635 768865, -279635 768865, -279635 768865, -279635 768865, -279635 768865, -279635 768865, -279635 768865, -279635 768865, -279635 768865, -279635 768865, -279635 768865, -279635 768865, -279635 768865, -279635 768865, -279635 768865, -279635 768865, -279635 768865, -279635 768865, -279635 768865, -279635 768865, -279635 768865, -279635 768865, -279635 768865, -279635 768865, -279635 768865, -279635 768865, -279635 768865, -279635 768865, -279635 768865, -279635 768865, -279635 768865, -279635 768865, -279635 768865, -279635 768865, -279635 768865, -279635 768865, -279635 768865, -279635 768865, -279635 768865, -279635 768865, -279635 768865, -279635 768865, -279635 768865, -279635 768865, -279635 768865, -279635 768865, -279635 768865, -279635 768865, -279635 768865, -279635 768865, -279635 768865, -279635 768865, -279635 768865, -279635 768865, -279635 768865, -279635 768865, -279635 768865, -279635 768865, -279635 768865, -279635 768865, -279635 768865, -279635 768865, -279635 768865, -279635 768865, -279635 768865, -279635 768865, -279635 768865, -279635 768865, -279635 768865, -279635 768865, -279635 768865, -279635 768865, -279635 768865, -279635 768865, -279635 768865, -279635 768865, -279635 768865, -279635 768865, -279635 768865, -279635 768865, -279635 768865, -279635 768865, -279635 768865, -279635 768865, -279635 768865, -279635 768865, -279635 768865, -279635 768865, -279635 768865, -279635 768865, -279635 768865, -279635 768865, -279625 768875, -279615 768875, -279605 768885, -279595 768885, -279585 768895, -279575 768895, -279565 768905, -279555 768905, -279545 768915, -279535 768915, -279525 768925, -279515 768935, -279505 768935, -279495 768945, -279485 768955, -279475 768965, -279465 768965, -279455 768975, -279445 768985, -279435 768985, -279425 768995, -279415 769005, -279405 769015, -279395 769015, -279385 769025, -279375 769035, -279365 769035, -279355 769045, -279345 769055, -279335 769065, -279325 769065, -279315 769075, -279305 769085, -279305 769095, -279295 769105, -279285 769115, -279285 769125, -279275 769135, -279265 769145, -279265 769155, -279255 769165, -279255 769175, -279245 769185, -279245 769195, -279245 769205, -279235 769215, -279235 769225, -279235 769235, -279225 769245, -279225 769255, -279225 769265, -279215 769275, -279215 769285, -279215 769295, -279205 769305, -279205 769315, -279205 769325, -279195 769335, -279195 769345, -279195 769355, -279195 769365, -279205 769375, -279205 769385, -279205 769395, -279205 769405, -279205 769415, -279205 769425, -279215 769435, -279215 769445, -279215 769455, -279215 769465, -279225 769475, -279235 769485, -279245 769495, -279255 769505, -279265 769515, -279275 769515, -279285 769525, -279295 769535, -279305 769535, -279315 769545, -279325 769545, -279335 769555, -279345 769555, -279355 769555, -279365 769565, -279375 769565, -279385 769575, -279395 769575, -279405 769585, -279415 769595, -279425 769595, -279435 769605, -279435 769615, -279425 769625, -279425 769635, -279415 769645, -279405 769655, -279405 769665, -279395 769675, -279395 769685, -279385 769695, -279385 769705, -279375 769715, -279375 769725, -279375 769735, -279365 769745, -279365 769755, -279355 769765, -279355 769775, -279355 769785, -279345 769795, -279345 769805, -279335 769815, -279335 769825, -279335 769835, -279325 769845, -279325 769855, -279315 769865, -279315 769875, -279305 769885, -279305 769895, -279295 769905, -279285 769915)",POINT (-279345 769795)
08167200,GUBT2,3589062,25130117,1619000006,352.31595,351.09338,4,-999.0,12100201,26.713475731631355,USGS data: USGS NWIS - Last updated: 2025-09-09 22:17:41 UTC,NWS data: NRLDB - Last updated: 2025-09-09 22:45:29 UTC,USGS data: USGS NWIS - Last updated: 2025-09-09 22:17:41 UTC,,DDED943E,,AT FM474 near Bergheim,EWX,WGRFC,WGRFC,29.8933333333333,-98.6697222222222,https://maps.google.com/maps?t=k&q=loc:29.8933333333333+-98.6697222222222,,Texas,Kendall,,,EWX,,,,,,"Guadalupe Rv at FM 474 nr Bergheim, TX",WGRFC,29.89358333,-98.6698333,https://maps.google.com/maps?t=k&q=loc:29.89358333+-98.6698333,5,NAD83,G,Texas,12100201.0,ST,1146.75,0.04,NAVD88,X,1103.0,square miles,1103.0,,,,29.89734077453613,-98.63588714599608,353.8900146484375,9933.0,,0.0549999997019767,0.0012499999720603,0.2383779436349869,,,,,,,,,AT FM474 near Bergheim,29.8933333333333,-98.6697222222222,NAD83,Texas,12100201.0,"Guadalupe Rv at FM 474 nr Bergheim, TX",29.89358333,-98.6698333,NAD83,Texas,12100201.0,3.0,Location NWM Crosswalk v3.0,"Created 20240328. Authoritative 3.0 dataset mapping Locations to NWM Reaches.  Source:
1) NWM Routelink File v3.0
2) NHDPlus v2.1+
3) GID",3.0,NWS Station to USGS Gages 3.0,"Created 20240328.  Authoritative 3.0 dataset mapping NWS Stations to USGS Gage.  Source:
1) AHPS CMS Report
2) HADS dataset
3) GID",EPSG:4269,Upper Guadalupe,TX,usgs_gage,,,POINT (-257623.7397959156 761185.9612362378),116.0,"LINESTRING (-258025 761535, -258025 761535, -258025 761535, -258025 761535, -258025 761535, -258025 761535, -258025 761535, -258025 761535, -258025 761535, -258025 761535, -258025 761535, -258025 761535, -258025 761535, -258025 761535, -258025 761535, -258025 761535, -258025 761535, -258025 761535, -258025 761535, -258025 761535, -258025 761535, -258025 761535, -258025 761535, -258025 761535, -258025 761535, -258025 761535, -258025 761535, -258025 761535, -258025 761535, -258025 761535, -258025 761535, -258025 761535, -258025 761535, -258025 761535, -258025 761535, -258025 761535, -258025 761535, -258025 761535, -258025 761535, -258025 761535, -258025 761535, -258025 761535, -258025 761535, -258025 761535, -258025 761535, -258025 761535, -258025 761535, -258025 761535, -258025 761535, -258025 761535, -258025 761535, -258025 761535, -258025 761535, -258025 761535, -258025 761535, -258025 761535, -258025 761535, -258025 761535, -258025 761535, -258025 761535, -258025 761535, -258025 761535, -258025 761535, -258025 761535, -258025 761535, -258025 761535, -258025 761535, -258025 761535, -258025 761535, -258025 761535, -258025 761535, -258025 761535, -258025 761535, -258025 761535, -258025 761535, -258025 761535, -258025 761535, -258025 761535, -258025 761535, -258025 761535, -258025 761535, -258025 761535, -258025 761535, -258025 761535, -258025 761535, -258025 761535, -258025 761535, -258025 761535, -258025 761535, -258025 761535, -258025 761535, -258025 761535, -258025 761535, -258025 761535, -258025 761535, -258025 761535, -258025 761535, -258025 761535, -258025 761535, -258025 761535, -258025 761535, -258025 761535, -258025 761535, -258025 761535, -258025 761535, -258025 761535, -258025 761535, -258025 761535, -258025 761535, -258025 761535, -258025 761535, -258025 761535, -258025 761535, -258025 761535, -258025 761535, -258025 761535, -258025 761535, -258025 761535, -258025 761535, -258015 761525, -258015 761515, -258005 761505, -257995 761495, -257995 761485, -257985 761475, -257975 761465, -257965 761455, -257955 761445, -257945 761435, -257935 761425, -257925 761415, -257925 761405, -257915 761395, -257905 761385, -257895 761375, -257885 761365, -257875 761355, -257865 761345, -257855 761345, -257845 761335, -257835 761335, -257825 761325, -257815 761325, -257805 761315, -257795 761315, -257785 761315, -257775 761305, -257765 761305, -257755 761305, -257745 761305, -257735 761295, -257725 761295, -257715 761285, -257705 761285, -257695 761275, -257685 761275, -257675 761265, -257665 761255, -257655 761245, -257645 761235, -257635 761225, -257625 761225, -257615 761215, -257605 761205, -257595 761195, -257585 761185, -257575 761175, -257565 761175, -257555 761165, -257545 761155, -257535 761155, -257525 761145, -257515 761135, -257505 761135, -257495 761125, -257485 761115, -257475 761105, -257465 761105, -257455 761095, -257445 761085, -257435 761085, -257425 761075, -257415 761065, -257405 761065, -257395 761055, -257385 761045, -257375 761045, -257365 761035, -257355 761035, -257345 761025, -257335 761015, -257325 761015, -257315 761005, -257305 761005, -257295 760995, -257285 760985, -257275 760985, -257265 760975, -257255 760975, -257245 760965, -257235 760955, -257225 760955, -257215 760945, -257205 760945, -257195 760935, -257185 760925, -257175 760925, -257165 760915, -257155 760905, -257145 760905, -257135 760895, -257125 760895, -257115 760885, -257105 760875, -257095 760875, -257085 760865, -257075 760865, -257065 760855, -257055 760845, -257045 760845, -257035 760835, -257025 760835, -257015 760825, -257005 760815, -256995 760815, -256985 760805, -256975 760805, -256965 760795, -256955 760795, -256945 760785, -256935 760785, -256925 760785, -256915 760775, -256905 760775, -256895 760775, -256885 760775, -256875 760765, -256865 760765)",POINT (-257604.8505160767 761204.8505160767)
08167500,SRGT2,3589120,25130154,1619000006,289.99146,289.99146,4,-999.0,12100201,22.945066590021643,USGS data: USGS NWIS - Last updated: 2025-09-09 22:17:41 UTC,NWS data: NRLDB - Last updated: 2025-09-09 22:45:29 UTC,USGS data: USGS NWIS - Last updated: 2025-09-09 22:17:41 UTC,,DD798254,,Spring Branch,EWX,WGRFC,WGRFC,29.860277777778,-98.383333333333,https://maps.google.com/maps?t=k&q=loc:29.860277777778+-98.383333333333,UNK,Texas,Comal,,12100201.0,EWX,948.43,NAVD88,,,,"Guadalupe Rv nr Spring Branch, TX",WGRFC,29.8604957,-98.3836275,https://maps.google.com/maps?t=k&q=loc:29.8604957+-98.3836275,F,NAD83,M,Texas,12100201.0,ST,948.43,0.07,NAVD88,X,1315.0,square miles,1315.0,,,,29.86445045471191,-98.3816375732422,291.4100036621094,4109.0,,0.0549999997019767,0.0007600000244565,0.2324138730764389,,,,,,,,,Spring Branch,29.860277777778,-98.383333333333,UNK,Texas,12100201.0,"Guadalupe Rv nr Spring Branch, TX",29.8604957,-98.3836275,NAD83,Texas,12100201.0,3.0,Location NWM Crosswalk v3.0,"Created 20240328. Authoritative 3.0 dataset mapping Locations to NWM Reaches.  Source:
1) NWM Routelink File v3.0
2) NHDPlus v2.1+
3) GID",3.0,NWS Station to USGS Gages 3.0,"Created 20240328.  Authoritative 3.0 dataset mapping NWS Stations to USGS Gage.  Source:
1) AHPS CMS Report
2) HADS dataset
3) GID",EPSG:4269,Upper Guadalupe,TX,usgs_gage,,,POINT (-230104.70687227085 756782.0568058685),153.0,"LINESTRING (-230135 756795, -230135 756795, -230135 756795, -230135 756795, -230135 756795, -230135 756795, -230135 756795, -230135 756795, -230135 756795, -230135 756795, -230135 756795, -230135 756795, -230135 756795, -230135 756795, -230135 756795, -230135 756795, -230135 756795, -230135 756795, -230135 756795, -230135 756795, -230135 756795, -230135 756795, -230135 756795, -230135 756795, -230135 756795, -230135 756795, -230135 756795, -230135 756795, -230135 756795, -230135 756795, -230135 756795, -230135 756795, -230135 756795, -230135 756795, -230135 756795, -230135 756795, -230135 756795, -230135 756795, -230135 756795, -230135 756795, -230135 756795, -230135 756795, -230135 756795, -230135 756795, -230135 756795, -230135 756795, -230135 756795, -230135 756795, -230135 756795, -230135 756795, -230135 756795, -230135 756795, -230135 756795, -230135 756795, -230135 756795, -230135 756795, -230135 756795, -230135 756795, -230135 756795, -230135 756795, -230135 756795, -230135 756795, -230135 756795, -230135 756795, -230135 756795, -230135 756795, -230135 756795, -230135 756795, -230135 756795, -230135 756795, -230135 756795, -230135 756795, -230135 756795, -230135 756795, -230135 756795, -230135 756795, -230135 756795, -230135 756795, -230135 756795, -230135 756795, -230135 756795, -230135 756795, -230135 756795, -230135 756795, -230135 756795, -230135 756795, -230135 756795, -230135 756795, -230135 756795, -230135 756795, -230135 756795, -230135 756795, -230135 756795, -230135 756795, -230135 756795, -230135 756795, -230135 756795, -230135 756795, -230135 756795, -230135 756795, -230135 756795, -230135 756795, -230135 756795, -230135 756795, -230135 756795, -230135 756795, -230135 756795, -230135 756795, -230135 756795, -230135 756795, -230135 756795, -230135 756795, -230135 756795, -230135 756795, -230135 756795, -230135 756795, -230135 756795, -230135 756795, -230135 756795, -230135 756795, -230135 756795, -230135 756795, -230135 756795, -230135 756795, -230135 756795, -230135 756795, -230135 756795, -230135 756795, -230135 756795, -230135 756795, -230135 756795, -230135 756795, -230135 756795, -230135 756795, -230125 756795, -230115 756805, -230105 756805, -230095 756815, -230085 756815, -230075 756815, -230065 756825, -230055 756825, -230045 756835, -230035 756835, -230025 756845, -230015 756845, -230005 756855, -229995 756865, -229985 756875, -229975 756875, -229965 756885, -229955 756895, -229945 756895, -229935 756905, -229925 756915, -229925 756925, -229915 756935, -229915 756945, -229905 756955, -229895 756965, -229895 756975, -229885 756985, -229885 756995, -229875 757005, -229875 757015, -229865 757025, -229865 757035, -229865 757045, -229865 757055, -229865 757065, -229865 757075, -229875 757085, -229875 757095, -229875 757105, -229885 757115, -229885 757125, -229885 757135, -229885 757145, -229895 757155, -229895 757165, -229895 757175, -229895 757185, -229895 757195, -229895 757205, -229905 757215, -229905 757225, -229905 757235, -229905 757245, -229905 757255, -229905 757265, -229905 757275, -229905 757285, -229905 757295, -229905 757305, -229905 757315, -229905 757325, -229905 757335, -229905 757345, -229895 757355, -229895 757365, -229895 757375, -229895 757385, -229895 757395, -229895 757405, -229895 757415, -229895 757425, -229895 757435, -229895 757445, -229895 757455, -229895 757465, -229895 757475, -229885 757485, -229885 757495, -229885 757505, -229885 757515, -229885 757525, -229875 757535, -229875 757545, -229875 757555, -229875 757565, -229875 757575, -229865 757585, -229865 757595, -229865 757605, -229865 757615, -229865 757625, -229855 757635, -229855 757645, -229855 757655, -229855 757665, -229845 757675, -229845 757685, -229835 757695, -229835 757705, -229835 757715, -229825 757725, -229825 757735, -229815 757745, -229815 757755, -229805 757765, -229795 757775, -229795 757785, -229785 757795, -229775 757805, -229765 757805, -229755 757815, -229745 757815, -229735 757825, -229725 757825, -229715 757825, -229705 757825, -229695 757825, -229685 757825, -229675 757815, -229665 757815, -229655 757815, -229645 757815, -229635 757815, -229625 757815, -229615 757815, -229605 757815, -229595 757805, -229585 757805, -229575 757805, -229565 757805, -229555 757795, -229545 757795, -229535 757795)",POINT (-230105 756805)
08167700,SMCT2,3589578,25130015,1619000006,277.3,277.3,4,3588682.0,12100201,11.36966210254468,USGS data: USGS NWIS - Last updated: 2025-09-09 22:17:41 UTC,NWS data: NRLDB - Last updated: 2025-09-09 22:45:29 UTC,USGS data: USGS NWIS - Last updated: 2025-09-09 22:17:41 UTC,,DD8A5126,,Canyon Dam,EWX,WGRFC,WGRFC,29.868611111111,-98.198611111111,https://maps.google.com/maps?t=k&q=loc:29.868611111111+-98.198611111111,UNK,Texas,Comal,,12100201.0,EWX,,NGVD 1929,,,,"Canyon Lk nr New Braunfels, TX",WGRFC,29.86882934,-98.1989,https://maps.google.com/maps?t=k&q=loc:29.86882934+-98.1989,F,NAD83,M,Texas,12100201.0,LK,0.0,1.0,NGVD29,R,1432.0,square miles,1432.0,,,,29.86761665344238,-98.21270751953124,277.1600036621094,2943.0,,0.0549999997019767,0.0004299999854993,0.2294817268848419,,,,,,,,,Canyon Dam,29.868611111111,-98.198611111111,UNK,Texas,12100201.0,"Canyon Lk nr New Braunfels, TX",29.86882934,-98.1989,NAD83,Texas,12100201.0,3.0,Location NWM Crosswalk v3.0,"Created 20240328. Authoritative 3.0 dataset mapping Locations to NWM Reaches.  Source:
1) NWM Routelink File v3.0
2) NHDPlus v2.1+
3) GID",3.0,NWS Station to USGS Gages 3.0,"Created 20240328.  Authoritative 3.0 dataset mapping NWS Stations to USGS Gage.  Source:
1) AHPS CMS Report
2) HADS dataset
3) GID",EPSG:4269,Upper Guadalupe,TX,usgs_gage,,,POINT (-212253.86917484942 757276.3696621025),14.0,"LINESTRING (-213435 757105, -213435 757105, -213435 757105, -213435 757105, -213435 757105, -213435 757105, -213435 757105, -213435 757105, -213435 757105, -213435 757105, -213435 757105, -213435 757105, -213435 757105, -213435 757105, -213435 757105, -213435 757105, -213435 757105, -213435 757105, -213435 757105, -213435 757105, -213435 757105, -213435 757105, -213435 757105, -213435 757105, -213435 757105, -213435 757105, -213435 757105, -213435 757105, -213435 757105, -213435 757105, -213435 757105, -213435 757105, -213435 757105, -213435 757105, -213435 757105, -213435 757105, -213435 757105, -213435 757105, -213435 757105, -213435 757105, -213435 757105, -213435 757105, -213435 757105, -213435 757105, -213435 757105, -213435 757105, -213435 757105, -213435 757105, -213435 757105, -213435 757105, -213435 757105, -213435 757105, -213435 757105, -213435 757105, -213435 757105, -213435 757105, -213435 757105, -213435 757105, -213435 757105, -213435 757105, -213435 757105, -213435 757105, -213435 757105, -213435 757105, -213435 757105, -213435 757105, -213435 757105, -213435 757105, -213435 757105, -213435 757105, -213435 757105, -213435 757105, -213435 757105, -213435 757105, -213435 757105, -213435 757105, -213435 757105, -213435 757105, -213435 757105, -213435 757105, -213435 757105, -213435 757105, -213435 757105, -213435 757105, -213435 757105, -213435 757105, -213435 757105, -213435 757105, -213435 757105, -213435 757105, -213435 757105, -213435 757105, -213435 757105, -213435 757105, -213435 757105, -213435 757105, -213435 757105, -213435 757105, -213435 757105, -213435 757105, -213435 757105, -213435 757105, -213435 757105, -213435 757105, -213435 757105, -213435 757105, -213435 757105, -213435 757105, -213435 757105, -213435 757105, -213435 757105, -213435 757105, -213435 757105, -213435 757105, -213435 757105, -213435 757105, -213435 757105, -213435 757105, -213435 757105, -213435 757105, -213435 757105, -213435 757105, -213435 757105, -213435 757105, -213435 757105, -213435 757105, -213435 757105, -213425 757105, -213415 757095, -213405 757095, -213395 757095, -213385 757085, -213375 757085, -213365 757075, -213355 757075, -213345 757065, -213335 757065, -213325 757065, -213315 757055, -213305 757055, -213295 757045, -213285 757045, -213275 757045, -213265 757045, -213255 757055, -213245 757055, -213235 757055, -213225 757055, -213215 757065, -213205 757065, -213195 757065, -213185 757065, -213175 757065, -213165 757075, -213155 757075, -213145 757075, -213135 757075, -213125 757075, -213115 757085, -213105 757085, -213095 757085, -213085 757085, -213075 757095, -213065 757095, -213055 757095, -213045 757095, -213035 757095, -213025 757105, -213015 757105, -213005 757105, -212995 757105, -212985 757105, -212975 757115, -212965 757115, -212955 757115, -212945 757115, -212935 757125, -212925 757125, -212915 757125, -212905 757125, -212895 757125, -212885 757135, -212875 757135, -212865 757135, -212855 757135, -212845 757145, -212835 757145, -212825 757145, -212815 757145, -212805 757145, -212795 757155, -212785 757155, -212775 757155, -212765 757155, -212755 757155, -212745 757165, -212735 757165, -212725 757165, -212715 757165, -212705 757175, -212695 757175, -212685 757175, -212675 757175, -212665 757175, -212655 757185, -212645 757185, -212635 757185, -212625 757185, -212615 757185, -212605 757195, -212595 757195, -212585 757195, -212575 757195, -212565 757205, -212555 757205, -212545 757205, -212535 757205, -212525 757205, -212515 757215, -212505 757215, -212495 757215, -212485 757215, -212475 757225, -212465 757225, -212455 757225, -212445 757225, -212435 757225, -212425 757235, -212415 757235, -212405 757235, -212395 757235, -212385 757235, -212375 757245, -212365 757245, -212355 757245, -212345 757245, -212335 757255, -212325 757255, -212315 757255, -212305 757255, -212295 757255, -212285 757265, -212275 757265, -212265 757265, -212255 757265, -212245 757265, -212235 757275, -212225 757275, -212215 757275, -212205 757275, -212195 757285, -212185 757285, -212175 757285, -212174.81653545186 757285)",POINT (-212253.86917484942 757265)
